{
  "fold": 7,
  "report": {
    "LOCAL": {
      "precision": 1.0,
      "recall": 0.0967741935483871,
      "f1-score": 0.17647058823529413,
      "support": 31.0
    },
    "ORGANIZACAO": {
      "precision": 1.0,
      "recall": 0.09090909090909091,
      "f1-score": 0.16666666666666666,
      "support": 22.0
    },
    "PESSOA": {
      "precision": 0.0,
      "recall": 0.0,
      "f1-score": 0.0,
      "support": 22.0
    },
    "TEMPO": {
      "precision": 0.0,
      "recall": 0.0,
      "f1-score": 0.0,
      "support": 18.0
    },
    "micro avg": {
      "precision": 1.0,
      "recall": 0.053763440860215055,
      "f1-score": 0.10204081632653061,
      "support": 93.0
    },
    "macro avg": {
      "precision": 0.5,
      "recall": 0.0469208211143695,
      "f1-score": 0.0857843137254902,
      "support": 93.0
    },
    "weighted avg": {
      "precision": 0.5698924731182796,
      "recall": 0.053763440860215055,
      "f1-score": 0.09825005270925574,
      "support": 93.0
    },
    "samples avg": {
      "precision": 0.07692307692307693,
      "recall": 0.05555555555555555,
      "f1-score": 0.06324786324786325,
      "support": 93.0
    }
  }
}