{
  "fold": 1,
  "report": {
    "LOCAL": {
      "precision": 0.5,
      "recall": 0.020833333333333332,
      "f1-score": 0.04,
      "support": 48.0
    },
    "ORGANIZACAO": {
      "precision": 1.0,
      "recall": 0.037037037037037035,
      "f1-score": 0.07142857142857142,
      "support": 27.0
    },
    "PESSOA": {
      "precision": 0.0,
      "recall": 0.0,
      "f1-score": 0.0,
      "support": 37.0
    },
    "TEMPO": {
      "precision": 1.0,
      "recall": 0.043478260869565216,
      "f1-score": 0.08333333333333333,
      "support": 23.0
    },
    "micro avg": {
      "precision": 0.75,
      "recall": 0.022222222222222223,
      "f1-score": 0.04316546762589928,
      "support": 135.0
    },
    "macro avg": {
      "precision": 0.625,
      "recall": 0.025337157809983895,
      "f1-score": 0.04869047619047619,
      "support": 135.0
    },
    "weighted avg": {
      "precision": 0.5481481481481482,
      "recall": 0.022222222222222223,
      "f1-score": 0.042705467372134036,
      "support": 135.0
    },
    "samples avg": {
      "precision": 0.023809523809523808,
      "recall": 0.015873015873015872,
      "f1-score": 0.018518518518518517,
      "support": 135.0
    }
  }
}