{
  "fold": 3,
  "report": {
    "LOCAL": {
      "precision": 0.5,
      "recall": 0.03333333333333333,
      "f1-score": 0.0625,
      "support": 30.0
    },
    "ORGANIZACAO": {
      "precision": 0.0,
      "recall": 0.0,
      "f1-score": 0.0,
      "support": 20.0
    },
    "PESSOA": {
      "precision": 0.0,
      "recall": 0.0,
      "f1-score": 0.0,
      "support": 8.0
    },
    "TEMPO": {
      "precision": 0.5,
      "recall": 0.0625,
      "f1-score": 0.1111111111111111,
      "support": 16.0
    },
    "micro avg": {
      "precision": 0.4,
      "recall": 0.02702702702702703,
      "f1-score": 0.05063291139240506,
      "support": 74.0
    },
    "macro avg": {
      "precision": 0.25,
      "recall": 0.02395833333333333,
      "f1-score": 0.043402777777777776,
      "support": 74.0
    },
    "weighted avg": {
      "precision": 0.3108108108108108,
      "recall": 0.02702702702702703,
      "f1-score": 0.04936186186186186,
      "support": 74.0
    },
    "samples avg": {
      "precision": 0.02564102564102564,
      "recall": 0.017094017094017092,
      "f1-score": 0.020512820512820513,
      "support": 74.0
    }
  }
}