{
  "fold": 0,
  "report": {
    "LOCAL": {
      "precision": 1.0,
      "recall": 0.02702702702702703,
      "f1-score": 0.05263157894736842,
      "support": 37.0
    },
    "ORGANIZACAO": {
      "precision": 0.0,
      "recall": 0.0,
      "f1-score": 0.0,
      "support": 31.0
    },
    "PESSOA": {
      "precision": 1.0,
      "recall": 0.037037037037037035,
      "f1-score": 0.07142857142857142,
      "support": 27.0
    },
    "TEMPO": {
      "precision": 1.0,
      "recall": 0.0625,
      "f1-score": 0.11764705882352941,
      "support": 16.0
    },
    "micro avg": {
      "precision": 0.75,
      "recall": 0.02702702702702703,
      "f1-score": 0.05217391304347826,
      "support": 111.0
    },
    "macro avg": {
      "precision": 0.75,
      "recall": 0.031641016016016016,
      "f1-score": 0.06042680229986731,
      "support": 111.0
    },
    "weighted avg": {
      "precision": 0.7207207207207207,
      "recall": 0.02702702702702703,
      "f1-score": 0.0518765116288336,
      "support": 111.0
    },
    "samples avg": {
      "precision": 0.011904761904761904,
      "recall": 0.015873015873015872,
      "f1-score": 0.013605442176870748,
      "support": 111.0
    }
  }
}