{
  "LOCAL": {
    "precision": 1.0,
    "recall": 0.3076923076923077,
    "f1-score": 0.47058823529411764,
    "support": 13.0
  },
  "ORGANIZACAO": {
    "precision": 1.0,
    "recall": 0.375,
    "f1-score": 0.5454545454545454,
    "support": 16.0
  },
  "PESSOA": {
    "precision": 1.0,
    "recall": 0.5882352941176471,
    "f1-score": 0.7407407407407407,
    "support": 17.0
  },
  "TEMPO": {
    "precision": 1.0,
    "recall": 0.5833333333333334,
    "f1-score": 0.7368421052631579,
    "support": 12.0
  },
  "ABSTRACAO": {
    "precision": 0.0,
    "recall": 0.0,
    "f1-score": 0.0,
    "support": 0.0
  },
  "ACONTECIMENTO": {
    "precision": 1.0,
    "recall": 0.5,
    "f1-score": 0.6666666666666666,
    "support": 4.0
  },
  "COISA": {
    "precision": 0.0,
    "recall": 0.0,
    "f1-score": 0.0,
    "support": 3.0
  },
  "OBRA": {
    "precision": 0.6666666666666666,
    "recall": 0.4,
    "f1-score": 0.5,
    "support": 5.0
  },
  "OUTRO": {
    "precision": 0.0,
    "recall": 0.0,
    "f1-score": 0.0,
    "support": 1.0
  },
  "VALOR": {
    "precision": 1.0,
    "recall": 0.5,
    "f1-score": 0.6666666666666666,
    "support": 12.0
  },
  "micro avg": {
    "precision": 0.9487179487179487,
    "recall": 0.4457831325301205,
    "f1-score": 0.6065573770491803,
    "support": 83.0
  },
  "macro avg": {
    "precision": 0.6666666666666666,
    "recall": 0.32542609351432883,
    "f1-score": 0.4326958960085895,
    "support": 83.0
  },
  "weighted avg": {
    "precision": 0.931726907630522,
    "recall": 0.4457831325301205,
    "f1-score": 0.5957383651628121,
    "support": 83.0
  },
  "samples avg": {
    "precision": 0.5873015873015873,
    "recall": 0.5071428571428571,
    "f1-score": 0.5335772692915549,
    "support": 83.0
  }
}