{
  "LOCAL": {
    "precision": 0.8333333333333334,
    "recall": 0.5,
    "f1-score": 0.625,
    "support": 20.0
  },
  "ORGANIZACAO": {
    "precision": 1.0,
    "recall": 0.5,
    "f1-score": 0.6666666666666666,
    "support": 20.0
  },
  "PESSOA": {
    "precision": 0.9230769230769231,
    "recall": 0.5454545454545454,
    "f1-score": 0.6857142857142857,
    "support": 22.0
  },
  "TEMPO": {
    "precision": 0.6666666666666666,
    "recall": 0.3076923076923077,
    "f1-score": 0.42105263157894735,
    "support": 13.0
  },
  "ABSTRACAO": {
    "precision": 0.0,
    "recall": 0.0,
    "f1-score": 0.0,
    "support": 0.0
  },
  "ACONTECIMENTO": {
    "precision": 0.0,
    "recall": 0.0,
    "f1-score": 0.0,
    "support": 4.0
  },
  "COISA": {
    "precision": 0.25,
    "recall": 0.5,
    "f1-score": 0.3333333333333333,
    "support": 2.0
  },
  "OBRA": {
    "precision": 0.7142857142857143,
    "recall": 0.8333333333333334,
    "f1-score": 0.7692307692307693,
    "support": 6.0
  },
  "OUTRO": {
    "precision": 0.0,
    "recall": 0.0,
    "f1-score": 0.0,
    "support": 1.0
  },
  "VALOR": {
    "precision": 0.875,
    "recall": 0.3888888888888889,
    "f1-score": 0.5384615384615384,
    "support": 18.0
  },
  "micro avg": {
    "precision": 0.8166666666666667,
    "recall": 0.46226415094339623,
    "f1-score": 0.5903614457831325,
    "support": 106.0
  },
  "macro avg": {
    "precision": 0.5262362637362638,
    "recall": 0.35753690753690753,
    "f1-score": 0.4039459224985541,
    "support": 106.0
  },
  "weighted avg": {
    "precision": 0.8129881125164146,
    "recall": 0.46226415094339623,
    "f1-score": 0.5789348189050274,
    "support": 106.0
  },
  "samples avg": {
    "precision": 0.548888888888889,
    "recall": 0.5583333333333333,
    "f1-score": 0.5353294853294853,
    "support": 106.0
  }
}