{
  "LOCAL": {
    "precision": 1.0,
    "recall": 0.3333333333333333,
    "f1-score": 0.5,
    "support": 18.0
  },
  "ORGANIZACAO": {
    "precision": 1.0,
    "recall": 0.2727272727272727,
    "f1-score": 0.42857142857142855,
    "support": 11.0
  },
  "PESSOA": {
    "precision": 1.0,
    "recall": 0.3125,
    "f1-score": 0.47619047619047616,
    "support": 16.0
  },
  "TEMPO": {
    "precision": 1.0,
    "recall": 0.14285714285714285,
    "f1-score": 0.25,
    "support": 14.0
  },
  "ABSTRACAO": {
    "precision": 0.0,
    "recall": 0.0,
    "f1-score": 0.0,
    "support": 0.0
  },
  "ACONTECIMENTO": {
    "precision": 0.0,
    "recall": 0.0,
    "f1-score": 0.0,
    "support": 3.0
  },
  "COISA": {
    "precision": 0.0,
    "recall": 0.0,
    "f1-score": 0.0,
    "support": 1.0
  },
  "OBRA": {
    "precision": 1.0,
    "recall": 0.125,
    "f1-score": 0.2222222222222222,
    "support": 8.0
  },
  "OUTRO": {
    "precision": 0.0,
    "recall": 0.0,
    "f1-score": 0.0,
    "support": 1.0
  },
  "VALOR": {
    "precision": 0.6666666666666666,
    "recall": 0.16666666666666666,
    "f1-score": 0.26666666666666666,
    "support": 12.0
  },
  "micro avg": {
    "precision": 0.9047619047619048,
    "recall": 0.2261904761904762,
    "f1-score": 0.3619047619047619,
    "support": 84.0
  },
  "macro avg": {
    "precision": 0.5666666666666667,
    "recall": 0.13530844155844154,
    "f1-score": 0.21436507936507937,
    "support": 84.0
  },
  "weighted avg": {
    "precision": 0.8928571428571429,
    "recall": 0.2261904761904762,
    "f1-score": 0.35489417989417993,
    "support": 84.0
  },
  "samples avg": {
    "precision": 0.39682539682539675,
    "recall": 0.369047619047619,
    "f1-score": 0.37256235827664397,
    "support": 84.0
  }
}