{
  "LOCAL": {
    "precision": 0.75,
    "recall": 0.375,
    "f1-score": 0.5,
    "support": 16.0
  },
  "ORGANIZACAO": {
    "precision": 0.6,
    "recall": 0.25,
    "f1-score": 0.35294117647058826,
    "support": 12.0
  },
  "PESSOA": {
    "precision": 0.6666666666666666,
    "recall": 0.36363636363636365,
    "f1-score": 0.47058823529411764,
    "support": 11.0
  },
  "TEMPO": {
    "precision": 0.5,
    "recall": 0.1,
    "f1-score": 0.16666666666666666,
    "support": 10.0
  },
  "ABSTRACAO": {
    "precision": 0.0,
    "recall": 0.0,
    "f1-score": 0.0,
    "support": 0.0
  },
  "ACONTECIMENTO": {
    "precision": 0.0,
    "recall": 0.0,
    "f1-score": 0.0,
    "support": 0.0
  },
  "COISA": {
    "precision": 1.0,
    "recall": 0.6666666666666666,
    "f1-score": 0.8,
    "support": 3.0
  },
  "OBRA": {
    "precision": 0.0,
    "recall": 0.0,
    "f1-score": 0.0,
    "support": 1.0
  },
  "OUTRO": {
    "precision": 0.0,
    "recall": 0.0,
    "f1-score": 0.0,
    "support": 1.0
  },
  "VALOR": {
    "precision": 0.8,
    "recall": 0.4444444444444444,
    "f1-score": 0.5714285714285714,
    "support": 9.0
  },
  "micro avg": {
    "precision": 0.6896551724137931,
    "recall": 0.31746031746031744,
    "f1-score": 0.43478260869565216,
    "support": 63.0
  },
  "macro avg": {
    "precision": 0.43166666666666664,
    "recall": 0.21997474747474746,
    "f1-score": 0.28616246498599435,
    "support": 63.0
  },
  "weighted avg": {
    "precision": 0.6624338624338625,
    "recall": 0.31746031746031744,
    "f1-score": 0.42256013516517715,
    "support": 63.0
  },
  "samples avg": {
    "precision": 0.35964912280701755,
    "recall": 0.40350877192982454,
    "f1-score": 0.3548644338118022,
    "support": 63.0
  }
}