{
  "LOCAL": {
    "precision": 1.0,
    "recall": 0.47619047619047616,
    "f1-score": 0.6451612903225806,
    "support": 21.0
  },
  "ORGANIZACAO": {
    "precision": 0.875,
    "recall": 0.4375,
    "f1-score": 0.5833333333333334,
    "support": 16.0
  },
  "PESSOA": {
    "precision": 1.0,
    "recall": 0.5,
    "f1-score": 0.6666666666666666,
    "support": 20.0
  },
  "TEMPO": {
    "precision": 1.0,
    "recall": 0.2222222222222222,
    "f1-score": 0.36363636363636365,
    "support": 9.0
  },
  "ABSTRACAO": {
    "precision": 0.0,
    "recall": 0.0,
    "f1-score": 0.0,
    "support": 0.0
  },
  "ACONTECIMENTO": {
    "precision": 0.0,
    "recall": 0.0,
    "f1-score": 0.0,
    "support": 3.0
  },
  "COISA": {
    "precision": 1.0,
    "recall": 0.2,
    "f1-score": 0.3333333333333333,
    "support": 5.0
  },
  "OBRA": {
    "precision": 1.0,
    "recall": 0.4166666666666667,
    "f1-score": 0.5882352941176471,
    "support": 12.0
  },
  "OUTRO": {
    "precision": 0.0,
    "recall": 0.0,
    "f1-score": 0.0,
    "support": 2.0
  },
  "VALOR": {
    "precision": 0.5,
    "recall": 0.16666666666666666,
    "f1-score": 0.25,
    "support": 12.0
  },
  "micro avg": {
    "precision": 0.925,
    "recall": 0.37,
    "f1-score": 0.5285714285714286,
    "support": 100.0
  },
  "macro avg": {
    "precision": 0.6375,
    "recall": 0.24192460317460313,
    "f1-score": 0.3430366281409925,
    "support": 100.0
  },
  "weighted avg": {
    "precision": 0.87,
    "recall": 0.37,
    "f1-score": 0.5121327123224656,
    "support": 100.0
  },
  "samples avg": {
    "precision": 0.47291666666666665,
    "recall": 0.4756944444444444,
    "f1-score": 0.4705026455026455,
    "support": 100.0
  }
}