{
  "LOCAL": {
    "precision": 0.971473851030111,
    "recall": 0.9623233908948194,
    "f1-score": 0.9668769716088328,
    "support": 637.0
  },
  "ORGANIZACAO": {
    "precision": 0.8641509433962264,
    "recall": 0.8740458015267175,
    "f1-score": 0.8690702087286527,
    "support": 262.0
  },
  "PESSOA": {
    "precision": 0.9487179487179487,
    "recall": 0.976897689768977,
    "f1-score": 0.9626016260162602,
    "support": 303.0
  },
  "TEMPO": {
    "precision": 0.9264214046822743,
    "recall": 0.9111842105263158,
    "f1-score": 0.9187396351575456,
    "support": 304.0
  },
  "micro avg": {
    "precision": 0.9389515593895156,
    "recall": 0.9395750332005313,
    "f1-score": 0.9392631928310654,
    "support": 1506.0
  },
  "macro avg": {
    "precision": 0.9276910369566401,
    "recall": 0.9311127731792075,
    "f1-score": 0.9293221103778229,
    "support": 1506.0
  },
  "weighted avg": {
    "precision": 0.9391301698279827,
    "recall": 0.9395750332005313,
    "f1-score": 0.939284307684299,
    "support": 1506.0
  },
  "samples avg": {
    "precision": 0.9489016236867239,
    "recall": 0.9513689907672715,
    "f1-score": 0.9419793514349388,
    "support": 1506.0
  }
}