{
  "LOCAL": {
    "precision": 0.9703588143525741,
    "recall": 0.9703588143525741,
    "f1-score": 0.9703588143525741,
    "support": 641.0
  },
  "ORGANIZACAO": {
    "precision": 0.920863309352518,
    "recall": 0.8888888888888888,
    "f1-score": 0.9045936395759717,
    "support": 288.0
  },
  "PESSOA": {
    "precision": 0.9768211920529801,
    "recall": 0.9485530546623794,
    "f1-score": 0.9624796084828712,
    "support": 311.0
  },
  "TEMPO": {
    "precision": 0.952054794520548,
    "recall": 0.8742138364779874,
    "f1-score": 0.9114754098360656,
    "support": 318.0
  },
  "micro avg": {
    "precision": 0.9590218109715797,
    "recall": 0.9313222079589217,
    "f1-score": 0.9449690654509931,
    "support": 1558.0
  },
  "macro avg": {
    "precision": 0.9550245275696551,
    "recall": 0.9205036485954574,
    "f1-score": 0.9372268680618707,
    "support": 1558.0
  },
  "weighted avg": {
    "precision": 0.958763445750665,
    "recall": 0.9313222079589217,
    "f1-score": 0.944610594842055,
    "support": 1558.0
  },
  "samples avg": {
    "precision": 0.9598677998111426,
    "recall": 0.9439723009128109,
    "f1-score": 0.9438598857862314,
    "support": 1558.0
  }
}