{
  "LOCAL": {
    "precision": 0.9578606158833063,
    "recall": 0.964110929853181,
    "f1-score": 0.9609756097560975,
    "support": 613.0
  },
  "ORGANIZACAO": {
    "precision": 0.8973384030418251,
    "recall": 0.855072463768116,
    "f1-score": 0.87569573283859,
    "support": 276.0
  },
  "PESSOA": {
    "precision": 0.9691780821917808,
    "recall": 0.9792387543252595,
    "f1-score": 0.9741824440619621,
    "support": 289.0
  },
  "TEMPO": {
    "precision": 0.9389067524115756,
    "recall": 0.906832298136646,
    "f1-score": 0.9225908372827805,
    "support": 322.0
  },
  "micro avg": {
    "precision": 0.9453809844908968,
    "recall": 0.9346666666666666,
    "f1-score": 0.9399932953402614,
    "support": 1500.0
  },
  "macro avg": {
    "precision": 0.940820963382122,
    "recall": 0.9263136115208007,
    "f1-score": 0.9333611559848576,
    "support": 1500.0
  },
  "weighted avg": {
    "precision": 0.9448362645373083,
    "recall": 0.9346666666666666,
    "f1-score": 0.9395886979886006,
    "support": 1500.0
  },
  "samples avg": {
    "precision": 0.9492240215924426,
    "recall": 0.9434041835357624,
    "f1-score": 0.9390495469442838,
    "support": 1500.0
  }
}