{
  "LOCAL": {
    "precision": 0.956661316211878,
    "recall": 0.9675324675324676,
    "f1-score": 0.9620661824051655,
    "support": 616.0
  },
  "ORGANIZACAO": {
    "precision": 0.875,
    "recall": 0.8818897637795275,
    "f1-score": 0.8784313725490196,
    "support": 254.0
  },
  "PESSOA": {
    "precision": 0.9764309764309764,
    "recall": 0.9965635738831615,
    "f1-score": 0.9863945578231292,
    "support": 291.0
  },
  "TEMPO": {
    "precision": 0.9337539432176656,
    "recall": 0.925,
    "f1-score": 0.9293563579277865,
    "support": 320.0
  },
  "micro avg": {
    "precision": 0.941728064300067,
    "recall": 0.949358541525996,
    "f1-score": 0.9455279085406859,
    "support": 1481.0
  },
  "macro avg": {
    "precision": 0.93546155896513,
    "recall": 0.9427464512987891,
    "f1-score": 0.9390621176762752,
    "support": 1481.0
  },
  "weighted avg": {
    "precision": 0.94159084858716,
    "recall": 0.949358541525996,
    "f1-score": 0.9454349681650609,
    "support": 1481.0
  },
  "samples avg": {
    "precision": 0.9533828382838284,
    "recall": 0.9594884488448845,
    "f1-score": 0.9498161244695897,
    "support": 1481.0
  }
}