{
  "LOCAL": {
    "precision": 0.9656786271450858,
    "recall": 0.9794303797468354,
    "f1-score": 0.9725058915946583,
    "support": 632.0
  },
  "ORGANIZACAO": {
    "precision": 0.9003690036900369,
    "recall": 0.9037037037037037,
    "f1-score": 0.9020332717190388,
    "support": 270.0
  },
  "PESSOA": {
    "precision": 0.9746031746031746,
    "recall": 0.9808306709265175,
    "f1-score": 0.9777070063694268,
    "support": 313.0
  },
  "TEMPO": {
    "precision": 0.911864406779661,
    "recall": 0.8621794871794872,
    "f1-score": 0.886326194398682,
    "support": 312.0
  },
  "micro avg": {
    "precision": 0.9454664914586071,
    "recall": 0.9423706614276359,
    "f1-score": 0.9439160380452607,
    "support": 1527.0
  },
  "macro avg": {
    "precision": 0.9381288030544896,
    "recall": 0.931536060389136,
    "f1-score": 0.9346430910204515,
    "support": 1527.0
  },
  "weighted avg": {
    "precision": 0.9449646443471198,
    "recall": 0.9423706614276359,
    "f1-score": 0.9435027979685552,
    "support": 1527.0
  },
  "samples avg": {
    "precision": 0.9568046409532768,
    "recall": 0.9546879899655064,
    "f1-score": 0.9479953411279846,
    "support": 1527.0
  }
}