{
  "LOCAL": {
    "precision": 0.9680365296803652,
    "recall": 0.9680365296803652,
    "f1-score": 0.9680365296803652,
    "support": 657.0
  },
  "ORGANIZACAO": {
    "precision": 0.9137254901960784,
    "recall": 0.8472727272727273,
    "f1-score": 0.879245283018868,
    "support": 275.0
  },
  "PESSOA": {
    "precision": 0.9609120521172638,
    "recall": 0.9768211920529801,
    "f1-score": 0.9688013136288999,
    "support": 302.0
  },
  "TEMPO": {
    "precision": 0.9315068493150684,
    "recall": 0.8918032786885246,
    "f1-score": 0.9112227805695142,
    "support": 305.0
  },
  "micro avg": {
    "precision": 0.9503639973527466,
    "recall": 0.9330734243014944,
    "f1-score": 0.9416393442622951,
    "support": 1539.0
  },
  "macro avg": {
    "precision": 0.9435452303271941,
    "recall": 0.9209834319236493,
    "f1-score": 0.9318264767244119,
    "support": 1539.0
  },
  "weighted avg": {
    "precision": 0.9496943070724049,
    "recall": 0.9330734243014944,
    "f1-score": 0.9410613369849371,
    "support": 1539.0
  },
  "samples avg": {
    "precision": 0.9554463171036205,
    "recall": 0.9465511860174781,
    "f1-score": 0.9439718209381132,
    "support": 1539.0
  }
}