{
  "LOCAL": {
    "precision": 0.9546165884194053,
    "recall": 0.9651898734177216,
    "f1-score": 0.9598741148701809,
    "support": 632.0
  },
  "ORGANIZACAO": {
    "precision": 0.8851063829787233,
    "recall": 0.859504132231405,
    "f1-score": 0.8721174004192872,
    "support": 242.0
  },
  "PESSOA": {
    "precision": 0.9770491803278688,
    "recall": 0.9867549668874173,
    "f1-score": 0.9818780889621087,
    "support": 302.0
  },
  "TEMPO": {
    "precision": 0.9373040752351097,
    "recall": 0.8952095808383234,
    "f1-score": 0.9157733537519143,
    "support": 334.0
  },
  "micro avg": {
    "precision": 0.9445927903871829,
    "recall": 0.9370860927152318,
    "f1-score": 0.9408244680851063,
    "support": 1510.0
  },
  "macro avg": {
    "precision": 0.9385190567402768,
    "recall": 0.9266646383437167,
    "f1-score": 0.9324107395008727,
    "support": 1510.0
  },
  "weighted avg": {
    "precision": 0.9441336702976544,
    "recall": 0.9370860927152318,
    "f1-score": 0.9404558506749128,
    "support": 1510.0
  },
  "samples avg": {
    "precision": 0.9474655117099775,
    "recall": 0.9421719602181584,
    "f1-score": 0.9384618910124204,
    "support": 1510.0
  }
}