{
  "LOCAL": {
    "precision": 0.9662058371735791,
    "recall": 0.970679012345679,
    "f1-score": 0.968437259430331,
    "support": 648.0
  },
  "ORGANIZACAO": {
    "precision": 0.9305019305019305,
    "recall": 0.8456140350877193,
    "f1-score": 0.8860294117647058,
    "support": 285.0
  },
  "PESSOA": {
    "precision": 0.9721254355400697,
    "recall": 0.9620689655172414,
    "f1-score": 0.9670710571923743,
    "support": 290.0
  },
  "TEMPO": {
    "precision": 0.8888888888888888,
    "recall": 0.8918032786885246,
    "f1-score": 0.8903436988543372,
    "support": 305.0
  },
  "micro avg": {
    "precision": 0.9454424484364604,
    "recall": 0.9299738219895288,
    "f1-score": 0.9376443418013857,
    "support": 1528.0
  },
  "macro avg": {
    "precision": 0.939430523026117,
    "recall": 0.9175413229097911,
    "f1-score": 0.927970356810437,
    "support": 1528.0
  },
  "weighted avg": {
    "precision": 0.9452368587037048,
    "recall": 0.9299738219895288,
    "f1-score": 0.9372193463351813,
    "support": 1528.0
  },
  "samples avg": {
    "precision": 0.9528240287300032,
    "recall": 0.9442539993470453,
    "f1-score": 0.9399328389534071,
    "support": 1528.0
  }
}