{
  "LOCAL": {
    "precision": 0.9671875,
    "recall": 0.9748031496062992,
    "f1-score": 0.9709803921568627,
    "support": 635.0
  },
  "ORGANIZACAO": {
    "precision": 0.8819444444444444,
    "recall": 0.8819444444444444,
    "f1-score": 0.8819444444444444,
    "support": 288.0
  },
  "PESSOA": {
    "precision": 0.9551724137931035,
    "recall": 0.9518900343642611,
    "f1-score": 0.9535283993115319,
    "support": 291.0
  },
  "TEMPO": {
    "precision": 0.9172413793103448,
    "recall": 0.8471337579617835,
    "f1-score": 0.8807947019867549,
    "support": 314.0
  },
  "micro avg": {
    "precision": 0.9389920424403183,
    "recall": 0.9267015706806283,
    "f1-score": 0.932806324110672,
    "support": 1528.0
  },
  "macro avg": {
    "precision": 0.9303864343869731,
    "recall": 0.913942846594197,
    "f1-score": 0.9218119844748984,
    "support": 1528.0
  },
  "weighted avg": {
    "precision": 0.938568735613378,
    "recall": 0.9267015706806283,
    "f1-score": 0.9323421790858015,
    "support": 1528.0
  },
  "samples avg": {
    "precision": 0.9483285117325619,
    "recall": 0.9414175506268081,
    "f1-score": 0.9352757496441199,
    "support": 1528.0
  }
}