{
  "LOCAL": {
    "precision": 0.9625407166123778,
    "recall": 0.9768595041322314,
    "f1-score": 0.9696472518457753,
    "support": 605.0
  },
  "ORGANIZACAO": {
    "precision": 0.9127272727272727,
    "recall": 0.8537414965986394,
    "f1-score": 0.8822495606326889,
    "support": 294.0
  },
  "PESSOA": {
    "precision": 0.9713375796178344,
    "recall": 0.9713375796178344,
    "f1-score": 0.9713375796178344,
    "support": 314.0
  },
  "TEMPO": {
    "precision": 0.9172185430463576,
    "recall": 0.8849840255591054,
    "f1-score": 0.9008130081300812,
    "support": 313.0
  },
  "micro avg": {
    "precision": 0.9461794019933555,
    "recall": 0.9331585845347313,
    "f1-score": 0.9396238865061036,
    "support": 1526.0
  },
  "macro avg": {
    "precision": 0.9409560280009607,
    "recall": 0.9217306514769527,
    "f1-score": 0.9310118500565949,
    "support": 1526.0
  },
  "weighted avg": {
    "precision": 0.9454576380772062,
    "recall": 0.9331585845347313,
    "f1-score": 0.939038289474063,
    "support": 1526.0
  },
  "samples avg": {
    "precision": 0.9547413793103449,
    "recall": 0.9452426564495531,
    "f1-score": 0.9422824302134647,
    "support": 1526.0
  }
}