{
  "LOCAL": {
    "precision": 0.9629032258064516,
    "recall": 0.9867768595041322,
    "f1-score": 0.9746938775510204,
    "support": 605.0
  },
  "ORGANIZACAO": {
    "precision": 0.900355871886121,
    "recall": 0.8605442176870748,
    "f1-score": 0.88,
    "support": 294.0
  },
  "PESSOA": {
    "precision": 0.9776357827476039,
    "recall": 0.9745222929936306,
    "f1-score": 0.9760765550239234,
    "support": 314.0
  },
  "TEMPO": {
    "precision": 0.9464882943143813,
    "recall": 0.9041533546325878,
    "f1-score": 0.9248366013071896,
    "support": 313.0
  },
  "micro avg": {
    "precision": 0.9510905485789821,
    "recall": 0.9429882044560943,
    "f1-score": 0.9470220467258966,
    "support": 1526.0
  },
  "macro avg": {
    "precision": 0.9468457936886394,
    "recall": 0.9314991812043564,
    "f1-score": 0.9389017584705335,
    "support": 1526.0
  },
  "weighted avg": {
    "precision": 0.9505173983293392,
    "recall": 0.9429882044560943,
    "f1-score": 0.9465083161238728,
    "support": 1526.0
  },
  "samples avg": {
    "precision": 0.9573754789272031,
    "recall": 0.9522669220945084,
    "f1-score": 0.9485905856595511,
    "support": 1526.0
  }
}