{
  "LOCAL": {
    "precision": 0.9730586370839936,
    "recall": 0.9715189873417721,
    "f1-score": 0.9722882026920031,
    "support": 632.0
  },
  "ORGANIZACAO": {
    "precision": 0.8722627737226277,
    "recall": 0.8851851851851852,
    "f1-score": 0.8786764705882353,
    "support": 270.0
  },
  "PESSOA": {
    "precision": 0.9744408945686901,
    "recall": 0.9744408945686901,
    "f1-score": 0.9744408945686901,
    "support": 313.0
  },
  "TEMPO": {
    "precision": 0.9090909090909091,
    "recall": 0.8974358974358975,
    "f1-score": 0.9032258064516129,
    "support": 312.0
  },
  "micro avg": {
    "precision": 0.9423328964613368,
    "recall": 0.9417157825802227,
    "f1-score": 0.9420242384539796,
    "support": 1527.0
  },
  "macro avg": {
    "precision": 0.9322133036165552,
    "recall": 0.9321452411328862,
    "f1-score": 0.9321578435751354,
    "support": 1527.0
  },
  "weighted avg": {
    "precision": 0.9424494899663111,
    "recall": 0.9417157825802227,
    "f1-score": 0.9420663017505387,
    "support": 1527.0
  },
  "samples avg": {
    "precision": 0.9546879899655064,
    "recall": 0.9545312010034493,
    "f1-score": 0.9467992653317207,
    "support": 1527.0
  }
}