{
  "LOCAL": {
    "precision": 0.9623824451410659,
    "recall": 0.9715189873417721,
    "f1-score": 0.9669291338582677,
    "support": 632.0
  },
  "ORGANIZACAO": {
    "precision": 0.8713692946058091,
    "recall": 0.8677685950413223,
    "f1-score": 0.8695652173913043,
    "support": 242.0
  },
  "PESSOA": {
    "precision": 0.9834983498349835,
    "recall": 0.9867549668874173,
    "f1-score": 0.9851239669421488,
    "support": 302.0
  },
  "TEMPO": {
    "precision": 0.928125,
    "recall": 0.8892215568862275,
    "f1-score": 0.908256880733945,
    "support": 334.0
  },
  "micro avg": {
    "precision": 0.9447403462050599,
    "recall": 0.9397350993377483,
    "f1-score": 0.9422310756972112,
    "support": 1510.0
  },
  "macro avg": {
    "precision": 0.9363437723954646,
    "recall": 0.9288160265391847,
    "f1-score": 0.9324687997314165,
    "support": 1510.0
  },
  "weighted avg": {
    "precision": 0.9444419379297514,
    "recall": 0.9397350993377483,
    "f1-score": 0.9419862459528392,
    "support": 1510.0
  },
  "samples avg": {
    "precision": 0.9505935194096887,
    "recall": 0.9472248957330768,
    "f1-score": 0.9420734222466657,
    "support": 1510.0
  }
}