{
  "LOCAL": {
    "precision": 0.9747235387045814,
    "recall": 0.9686028257456829,
    "f1-score": 0.9716535433070866,
    "support": 637.0
  },
  "ORGANIZACAO": {
    "precision": 0.8931297709923665,
    "recall": 0.8931297709923665,
    "f1-score": 0.8931297709923665,
    "support": 262.0
  },
  "PESSOA": {
    "precision": 0.9546925566343042,
    "recall": 0.9735973597359736,
    "f1-score": 0.9640522875816994,
    "support": 303.0
  },
  "TEMPO": {
    "precision": 0.9111842105263158,
    "recall": 0.9111842105263158,
    "f1-score": 0.9111842105263158,
    "support": 304.0
  },
  "micro avg": {
    "precision": 0.9436339522546419,
    "recall": 0.9448871181938912,
    "f1-score": 0.9442601194426012,
    "support": 1506.0
  },
  "macro avg": {
    "precision": 0.933432519214392,
    "recall": 0.9366285417500847,
    "f1-score": 0.9350049531018672,
    "support": 1506.0
  },
  "weighted avg": {
    "precision": 0.9436724693326777,
    "recall": 0.9448871181938912,
    "f1-score": 0.944257071861799,
    "support": 1506.0
  },
  "samples avg": {
    "precision": 0.9541547277936963,
    "recall": 0.9553486150907354,
    "f1-score": 0.9469959521535454,
    "support": 1506.0
  }
}