{
  "LOCAL": {
    "precision": 0.9624624624624625,
    "recall": 0.9756468797564688,
    "f1-score": 0.9690098261526833,
    "support": 657.0
  },
  "ORGANIZACAO": {
    "precision": 0.9153846153846154,
    "recall": 0.8654545454545455,
    "f1-score": 0.8897196261682243,
    "support": 275.0
  },
  "PESSOA": {
    "precision": 0.9800664451827242,
    "recall": 0.9768211920529801,
    "f1-score": 0.978441127694859,
    "support": 302.0
  },
  "TEMPO": {
    "precision": 0.9246575342465754,
    "recall": 0.8852459016393442,
    "f1-score": 0.9045226130653267,
    "support": 305.0
  },
  "micro avg": {
    "precision": 0.9506254114549045,
    "recall": 0.9382716049382716,
    "f1-score": 0.9444081098757358,
    "support": 1539.0
  },
  "macro avg": {
    "precision": 0.9456427643190943,
    "recall": 0.9257921297258347,
    "f1-score": 0.9354232982702733,
    "support": 1539.0
  },
  "weighted avg": {
    "precision": 0.9500124895769949,
    "recall": 0.9382716049382716,
    "f1-score": 0.9439122615512323,
    "support": 1539.0
  },
  "samples avg": {
    "precision": 0.9559925093632958,
    "recall": 0.9498283395755307,
    "f1-score": 0.9463215623327983,
    "support": 1539.0
  }
}