{
  "LOCAL": {
    "precision": 0.964451313755796,
    "recall": 0.9734789391575663,
    "f1-score": 0.968944099378882,
    "support": 641.0
  },
  "ORGANIZACAO": {
    "precision": 0.9285714285714286,
    "recall": 0.8576388888888888,
    "f1-score": 0.8916967509025271,
    "support": 288.0
  },
  "PESSOA": {
    "precision": 0.9771241830065359,
    "recall": 0.9614147909967846,
    "f1-score": 0.9692058346839546,
    "support": 311.0
  },
  "TEMPO": {
    "precision": 0.9618055555555556,
    "recall": 0.8710691823899371,
    "f1-score": 0.9141914191419142,
    "support": 318.0
  },
  "micro avg": {
    "precision": 0.960185799601858,
    "recall": 0.9287548138639281,
    "f1-score": 0.9442088091353997,
    "support": 1558.0
  },
  "macro avg": {
    "precision": 0.957988120222329,
    "recall": 0.9159004503582943,
    "f1-score": 0.9360095260268195,
    "support": 1558.0
  },
  "weighted avg": {
    "precision": 0.9598085052167755,
    "recall": 0.9287548138639281,
    "f1-score": 0.9435415390472591,
    "support": 1558.0
  },
  "samples avg": {
    "precision": 0.9579005350960024,
    "recall": 0.9400377714825306,
    "f1-score": 0.941490174917937,
    "support": 1558.0
  }
}