{
  "LOCAL": {
    "precision": 0.9659090909090909,
    "recall": 0.9706362153344209,
    "f1-score": 0.96826688364524,
    "support": 613.0
  },
  "ORGANIZACAO": {
    "precision": 0.9003690036900369,
    "recall": 0.8840579710144928,
    "f1-score": 0.8921389396709324,
    "support": 276.0
  },
  "PESSOA": {
    "precision": 0.9691780821917808,
    "recall": 0.9792387543252595,
    "f1-score": 0.9741824440619621,
    "support": 289.0
  },
  "TEMPO": {
    "precision": 0.921875,
    "recall": 0.9161490683229814,
    "f1-score": 0.9190031152647975,
    "support": 322.0
  },
  "micro avg": {
    "precision": 0.9452968645763843,
    "recall": 0.9446666666666667,
    "f1-score": 0.9449816605535178,
    "support": 1500.0
  },
  "macro avg": {
    "precision": 0.9393327941977272,
    "recall": 0.9375205022492886,
    "f1-score": 0.9383978456607329,
    "support": 1500.0
  },
  "weighted avg": {
    "precision": 0.9450268889994318,
    "recall": 0.9446666666666667,
    "f1-score": 0.9448237843152543,
    "support": 1500.0
  },
  "samples avg": {
    "precision": 0.9519230769230769,
    "recall": 0.9507422402159244,
    "f1-score": 0.9448187777135146,
    "support": 1500.0
  }
}