{
  "NOME_BEBIDA": {
    "precision": 0.9825174825174825,
    "recall": 0.9656357388316151,
    "f1-score": 0.9740034662045061,
    "support": 291.0
  },
  "GRADUACAO_ALCOOLICA": {
    "precision": 0.9915966386554622,
    "recall": 0.9752066115702479,
    "f1-score": 0.9833333333333333,
    "support": 121.0
  },
  "EQUIPAMENTO_DESTILACAO": {
    "precision": 0.8846153846153846,
    "recall": 0.8846153846153846,
    "f1-score": 0.8846153846153846,
    "support": 26.0
  },
  "TEMPO_ARMAZENAMENTO": {
    "precision": 1.0,
    "recall": 0.9682539682539683,
    "f1-score": 0.9838709677419355,
    "support": 126.0
  },
  "RECIPIENTE_ARMAZENAMENTO": {
    "precision": 0.9888888888888889,
    "recall": 0.9368421052631579,
    "f1-score": 0.9621621621621622,
    "support": 95.0
  },
  "TIPO_MADEIRA": {
    "precision": 0.9554455445544554,
    "recall": 0.9948453608247423,
    "f1-score": 0.9747474747474747,
    "support": 194.0
  },
  "CARACTERISTICA_SENSORIAL_COR": {
    "precision": 0.9722222222222222,
    "recall": 0.9459459459459459,
    "f1-score": 0.958904109589041,
    "support": 37.0
  },
  "CARACTERISTICA_SENSORIAL_AROMA": {
    "precision": 0.9473684210526315,
    "recall": 0.9,
    "f1-score": 0.9230769230769231,
    "support": 40.0
  },
  "CARACTERISTICA_SENSORIAL_SABOR": {
    "precision": 0.9272727272727272,
    "recall": 0.8947368421052632,
    "f1-score": 0.9107142857142857,
    "support": 57.0
  },
  "CARACTERISTICA_SENSORIAL_CONSISTÊNCIA": {
    "precision": 0.9047619047619048,
    "recall": 0.9047619047619048,
    "f1-score": 0.9047619047619048,
    "support": 21.0
  },
  "NOME_PESSOA": {
    "precision": 0.9565217391304348,
    "recall": 1.0,
    "f1-score": 0.9777777777777777,
    "support": 44.0
  },
  "NOME_LOCAL": {
    "precision": 1.0,
    "recall": 0.9511111111111111,
    "f1-score": 0.9749430523917996,
    "support": 225.0
  },
  "NOME_ORGANIZACAO": {
    "precision": 0.926829268292683,
    "recall": 0.9156626506024096,
    "f1-score": 0.9212121212121213,
    "support": 83.0
  },
  "TEMPO": {
    "precision": 0.9879518072289156,
    "recall": 0.9425287356321839,
    "f1-score": 0.9647058823529412,
    "support": 87.0
  },
  "PRECO": {
    "precision": 0.9368421052631579,
    "recall": 1.0,
    "f1-score": 0.967391304347826,
    "support": 89.0
  },
  "VOLUME": {
    "precision": 0.984375,
    "recall": 0.972972972972973,
    "f1-score": 0.9786407766990292,
    "support": 259.0
  },
  "CLASSIFICACAO_BEBIDA": {
    "precision": 0.9256198347107438,
    "recall": 0.896,
    "f1-score": 0.9105691056910569,
    "support": 125.0
  },
  "micro avg": {
    "precision": 0.9704016913319239,
    "recall": 0.95625,
    "f1-score": 0.9632738719832109,
    "support": 1920.0
  },
  "macro avg": {
    "precision": 0.9572252334804173,
    "recall": 0.9440658430877004,
    "f1-score": 0.9503194136717354,
    "support": 1920.0
  },
  "weighted avg": {
    "precision": 0.9707907864703081,
    "recall": 0.95625,
    "f1-score": 0.9632120286476072,
    "support": 1920.0
  },
  "samples avg": {
    "precision": 0.9748565433367591,
    "recall": 0.9682082905104489,
    "f1-score": 0.9675317887548103,
    "support": 1920.0
  }
}