{
  "NOME_BEBIDA": {
    "precision": 0.9771986970684039,
    "recall": 0.9646302250803859,
    "f1-score": 0.970873786407767,
    "support": 311.0
  },
  "GRADUACAO_ALCOOLICA": {
    "precision": 1.0,
    "recall": 0.9814814814814815,
    "f1-score": 0.9906542056074766,
    "support": 108.0
  },
  "EQUIPAMENTO_DESTILACAO": {
    "precision": 0.9375,
    "recall": 0.8823529411764706,
    "f1-score": 0.9090909090909091,
    "support": 34.0
  },
  "TEMPO_ARMAZENAMENTO": {
    "precision": 1.0,
    "recall": 0.9754098360655737,
    "f1-score": 0.9875518672199171,
    "support": 122.0
  },
  "RECIPIENTE_ARMAZENAMENTO": {
    "precision": 1.0,
    "recall": 0.9203539823008849,
    "f1-score": 0.9585253456221198,
    "support": 113.0
  },
  "TIPO_MADEIRA": {
    "precision": 0.943127962085308,
    "recall": 0.9802955665024631,
    "f1-score": 0.961352657004831,
    "support": 203.0
  },
  "CARACTERISTICA_SENSORIAL_COR": {
    "precision": 1.0,
    "recall": 0.94,
    "f1-score": 0.9690721649484536,
    "support": 50.0
  },
  "CARACTERISTICA_SENSORIAL_AROMA": {
    "precision": 0.8571428571428571,
    "recall": 0.8571428571428571,
    "f1-score": 0.8571428571428571,
    "support": 42.0
  },
  "CARACTERISTICA_SENSORIAL_SABOR": {
    "precision": 0.8275862068965517,
    "recall": 0.8275862068965517,
    "f1-score": 0.8275862068965517,
    "support": 58.0
  },
  "CARACTERISTICA_SENSORIAL_CONSISTÊNCIA": {
    "precision": 0.95,
    "recall": 0.9047619047619048,
    "f1-score": 0.926829268292683,
    "support": 21.0
  },
  "NOME_PESSOA": {
    "precision": 0.9333333333333333,
    "recall": 0.9333333333333333,
    "f1-score": 0.9333333333333333,
    "support": 45.0
  },
  "NOME_LOCAL": {
    "precision": 0.991869918699187,
    "recall": 0.9799196787148594,
    "f1-score": 0.9858585858585859,
    "support": 249.0
  },
  "NOME_ORGANIZACAO": {
    "precision": 0.8513513513513513,
    "recall": 0.8873239436619719,
    "f1-score": 0.8689655172413793,
    "support": 71.0
  },
  "TEMPO": {
    "precision": 1.0,
    "recall": 0.959349593495935,
    "f1-score": 0.979253112033195,
    "support": 123.0
  },
  "PRECO": {
    "precision": 0.9375,
    "recall": 1.0,
    "f1-score": 0.967741935483871,
    "support": 90.0
  },
  "VOLUME": {
    "precision": 1.0,
    "recall": 0.9676113360323887,
    "f1-score": 0.9835390946502057,
    "support": 247.0
  },
  "CLASSIFICACAO_BEBIDA": {
    "precision": 0.9454545454545454,
    "recall": 0.9122807017543859,
    "f1-score": 0.9285714285714286,
    "support": 114.0
  },
  "micro avg": {
    "precision": 0.9665653495440729,
    "recall": 0.9535232383808095,
    "f1-score": 0.96,
    "support": 2001.0
  },
  "macro avg": {
    "precision": 0.9501214630606787,
    "recall": 0.933754916964791,
    "f1-score": 0.9415260162003272,
    "support": 2001.0
  },
  "weighted avg": {
    "precision": 0.9673998725514507,
    "recall": 0.9535232383808095,
    "f1-score": 0.9601296065014961,
    "support": 2001.0
  },
  "samples avg": {
    "precision": 0.9681466899970838,
    "recall": 0.9688455609715452,
    "f1-score": 0.9653847464871086,
    "support": 2001.0
  }
}