{
  "NOME_BEBIDA": {
    "precision": 0.9862068965517241,
    "recall": 0.9662162162162162,
    "f1-score": 0.9761092150170648,
    "support": 296.0
  },
  "GRADUACAO_ALCOOLICA": {
    "precision": 0.9838709677419355,
    "recall": 0.976,
    "f1-score": 0.9799196787148594,
    "support": 125.0
  },
  "EQUIPAMENTO_DESTILACAO": {
    "precision": 0.896551724137931,
    "recall": 0.896551724137931,
    "f1-score": 0.896551724137931,
    "support": 29.0
  },
  "TEMPO_ARMAZENAMENTO": {
    "precision": 0.9819819819819819,
    "recall": 0.990909090909091,
    "f1-score": 0.9864253393665159,
    "support": 110.0
  },
  "RECIPIENTE_ARMAZENAMENTO": {
    "precision": 0.9883720930232558,
    "recall": 0.9659090909090909,
    "f1-score": 0.9770114942528736,
    "support": 88.0
  },
  "TIPO_MADEIRA": {
    "precision": 0.9900990099009901,
    "recall": 0.966183574879227,
    "f1-score": 0.9779951100244498,
    "support": 207.0
  },
  "CARACTERISTICA_SENSORIAL_COR": {
    "precision": 0.9318181818181818,
    "recall": 0.9318181818181818,
    "f1-score": 0.9318181818181818,
    "support": 44.0
  },
  "CARACTERISTICA_SENSORIAL_AROMA": {
    "precision": 0.9795918367346939,
    "recall": 0.8888888888888888,
    "f1-score": 0.9320388349514563,
    "support": 54.0
  },
  "CARACTERISTICA_SENSORIAL_SABOR": {
    "precision": 0.8983050847457628,
    "recall": 0.8983050847457628,
    "f1-score": 0.8983050847457628,
    "support": 59.0
  },
  "CARACTERISTICA_SENSORIAL_CONSISTÊNCIA": {
    "precision": 0.84375,
    "recall": 0.84375,
    "f1-score": 0.84375,
    "support": 32.0
  },
  "NOME_PESSOA": {
    "precision": 0.984375,
    "recall": 0.984375,
    "f1-score": 0.984375,
    "support": 64.0
  },
  "NOME_LOCAL": {
    "precision": 1.0,
    "recall": 0.995475113122172,
    "f1-score": 0.9977324263038548,
    "support": 221.0
  },
  "NOME_ORGANIZACAO": {
    "precision": 0.9318181818181818,
    "recall": 0.9213483146067416,
    "f1-score": 0.9265536723163842,
    "support": 89.0
  },
  "TEMPO": {
    "precision": 0.9734513274336283,
    "recall": 0.990990990990991,
    "f1-score": 0.9821428571428571,
    "support": 111.0
  },
  "PRECO": {
    "precision": 0.9565217391304348,
    "recall": 1.0,
    "f1-score": 0.9777777777777777,
    "support": 88.0
  },
  "VOLUME": {
    "precision": 0.9959349593495935,
    "recall": 0.9760956175298805,
    "f1-score": 0.9859154929577465,
    "support": 251.0
  },
  "CLASSIFICACAO_BEBIDA": {
    "precision": 0.9145299145299145,
    "recall": 0.8699186991869918,
    "f1-score": 0.8916666666666667,
    "support": 123.0
  },
  "micro avg": {
    "precision": 0.9725330620549338,
    "recall": 0.9603214465092919,
    "f1-score": 0.9663886782916351,
    "support": 1991.0
  },
  "macro avg": {
    "precision": 0.9551281705234241,
    "recall": 0.9448667992906569,
    "f1-score": 0.9497699150702578,
    "support": 1991.0
  },
  "weighted avg": {
    "precision": 0.9725615327165504,
    "recall": 0.9603214465092919,
    "f1-score": 0.9662689123759036,
    "support": 1991.0
  },
  "samples avg": {
    "precision": 0.9750041335978834,
    "recall": 0.975112640542328,
    "f1-score": 0.9720318069276401,
    "support": 1991.0
  }
}