{
  "NOME_BEBIDA": {
    "precision": 0.9753521126760564,
    "recall": 0.9787985865724381,
    "f1-score": 0.9770723104056437,
    "support": 283.0
  },
  "GRADUACAO_ALCOOLICA": {
    "precision": 0.952,
    "recall": 0.9916666666666667,
    "f1-score": 0.9714285714285714,
    "support": 120.0
  },
  "EQUIPAMENTO_DESTILACAO": {
    "precision": 0.9047619047619048,
    "recall": 0.8260869565217391,
    "f1-score": 0.8636363636363636,
    "support": 23.0
  },
  "TEMPO_ARMAZENAMENTO": {
    "precision": 0.9754098360655737,
    "recall": 0.9834710743801653,
    "f1-score": 0.9794238683127572,
    "support": 121.0
  },
  "RECIPIENTE_ARMAZENAMENTO": {
    "precision": 0.9347826086956522,
    "recall": 0.945054945054945,
    "f1-score": 0.9398907103825137,
    "support": 91.0
  },
  "TIPO_MADEIRA": {
    "precision": 0.9666666666666667,
    "recall": 0.9902439024390244,
    "f1-score": 0.9783132530120482,
    "support": 205.0
  },
  "CARACTERISTICA_SENSORIAL_COR": {
    "precision": 1.0,
    "recall": 0.9473684210526315,
    "f1-score": 0.972972972972973,
    "support": 38.0
  },
  "CARACTERISTICA_SENSORIAL_AROMA": {
    "precision": 0.8947368421052632,
    "recall": 0.85,
    "f1-score": 0.8717948717948718,
    "support": 40.0
  },
  "CARACTERISTICA_SENSORIAL_SABOR": {
    "precision": 0.8214285714285714,
    "recall": 0.8846153846153846,
    "f1-score": 0.8518518518518519,
    "support": 52.0
  },
  "CARACTERISTICA_SENSORIAL_CONSISTÊNCIA": {
    "precision": 1.0,
    "recall": 0.9666666666666667,
    "f1-score": 0.9830508474576272,
    "support": 30.0
  },
  "NOME_PESSOA": {
    "precision": 0.9272727272727272,
    "recall": 0.9807692307692307,
    "f1-score": 0.9532710280373832,
    "support": 52.0
  },
  "NOME_LOCAL": {
    "precision": 0.9955947136563876,
    "recall": 0.9783549783549783,
    "f1-score": 0.9868995633187773,
    "support": 231.0
  },
  "NOME_ORGANIZACAO": {
    "precision": 0.9157894736842105,
    "recall": 0.8877551020408163,
    "f1-score": 0.9015544041450777,
    "support": 98.0
  },
  "TEMPO": {
    "precision": 0.9914529914529915,
    "recall": 0.9830508474576272,
    "f1-score": 0.9872340425531915,
    "support": 118.0
  },
  "PRECO": {
    "precision": 0.946236559139785,
    "recall": 1.0,
    "f1-score": 0.9723756906077348,
    "support": 88.0
  },
  "VOLUME": {
    "precision": 0.9919354838709677,
    "recall": 0.9800796812749004,
    "f1-score": 0.9859719438877755,
    "support": 251.0
  },
  "CLASSIFICACAO_BEBIDA": {
    "precision": 0.8993288590604027,
    "recall": 0.8993288590604027,
    "f1-score": 0.8993288590604027,
    "support": 149.0
  },
  "micro avg": {
    "precision": 0.9594391587381071,
    "recall": 0.9628140703517588,
    "f1-score": 0.9611236518685728,
    "support": 1990.0
  },
  "macro avg": {
    "precision": 0.9466323147374801,
    "recall": 0.9454889001722128,
    "f1-score": 0.9456512442862097,
    "support": 1990.0
  },
  "weighted avg": {
    "precision": 0.9598082467630534,
    "recall": 0.9628140703517588,
    "f1-score": 0.9611113255397815,
    "support": 1990.0
  },
  "samples avg": {
    "precision": 0.9685546875000001,
    "recall": 0.9728153935185185,
    "f1-score": 0.96671855584616,
    "support": 1990.0
  }
}