{
  "NOME_BEBIDA": {
    "precision": 0.9633333333333334,
    "recall": 0.9829931972789115,
    "f1-score": 0.9730639730639731,
    "support": 294.0
  },
  "GRADUACAO_ALCOOLICA": {
    "precision": 0.9897959183673469,
    "recall": 0.9797979797979798,
    "f1-score": 0.9847715736040609,
    "support": 99.0
  },
  "EQUIPAMENTO_DESTILACAO": {
    "precision": 0.9545454545454546,
    "recall": 0.875,
    "f1-score": 0.9130434782608695,
    "support": 24.0
  },
  "TEMPO_ARMAZENAMENTO": {
    "precision": 0.9907407407407407,
    "recall": 0.9727272727272728,
    "f1-score": 0.981651376146789,
    "support": 110.0
  },
  "RECIPIENTE_ARMAZENAMENTO": {
    "precision": 0.984375,
    "recall": 0.9264705882352942,
    "f1-score": 0.9545454545454546,
    "support": 68.0
  },
  "TIPO_MADEIRA": {
    "precision": 0.9837837837837838,
    "recall": 0.978494623655914,
    "f1-score": 0.9811320754716981,
    "support": 186.0
  },
  "CARACTERISTICA_SENSORIAL_COR": {
    "precision": 0.9444444444444444,
    "recall": 0.9714285714285714,
    "f1-score": 0.9577464788732394,
    "support": 35.0
  },
  "CARACTERISTICA_SENSORIAL_AROMA": {
    "precision": 0.85,
    "recall": 0.8095238095238095,
    "f1-score": 0.8292682926829268,
    "support": 42.0
  },
  "CARACTERISTICA_SENSORIAL_SABOR": {
    "precision": 0.7857142857142857,
    "recall": 0.88,
    "f1-score": 0.8301886792452831,
    "support": 50.0
  },
  "CARACTERISTICA_SENSORIAL_CONSISTÊNCIA": {
    "precision": 0.9473684210526315,
    "recall": 0.8181818181818182,
    "f1-score": 0.8780487804878049,
    "support": 22.0
  },
  "NOME_PESSOA": {
    "precision": 0.9821428571428571,
    "recall": 0.8870967741935484,
    "f1-score": 0.9322033898305084,
    "support": 62.0
  },
  "NOME_LOCAL": {
    "precision": 0.9913793103448276,
    "recall": 0.9663865546218487,
    "f1-score": 0.9787234042553191,
    "support": 238.0
  },
  "NOME_ORGANIZACAO": {
    "precision": 0.9315068493150684,
    "recall": 0.8717948717948718,
    "f1-score": 0.9006622516556292,
    "support": 78.0
  },
  "TEMPO": {
    "precision": 0.9908256880733946,
    "recall": 0.9642857142857143,
    "f1-score": 0.9773755656108597,
    "support": 112.0
  },
  "PRECO": {
    "precision": 0.9560439560439561,
    "recall": 1.0,
    "f1-score": 0.9775280898876404,
    "support": 87.0
  },
  "VOLUME": {
    "precision": 0.9877049180327869,
    "recall": 0.9796747967479674,
    "f1-score": 0.9836734693877551,
    "support": 246.0
  },
  "CLASSIFICACAO_BEBIDA": {
    "precision": 0.94,
    "recall": 0.8952380952380953,
    "f1-score": 0.9170731707317074,
    "support": 105.0
  },
  "micro avg": {
    "precision": 0.966721222040371,
    "recall": 0.9537136706135629,
    "f1-score": 0.9601733947439718,
    "support": 1858.0
  },
  "macro avg": {
    "precision": 0.9513944094667596,
    "recall": 0.9270055686889187,
    "f1-score": 0.9382764413965599,
    "support": 1858.0
  },
  "weighted avg": {
    "precision": 0.9672913915633815,
    "recall": 0.9537136706135629,
    "f1-score": 0.9600733301568037,
    "support": 1858.0
  },
  "samples avg": {
    "precision": 0.9668970099667773,
    "recall": 0.9679114064230343,
    "f1-score": 0.9642424810331787,
    "support": 1858.0
  }
}