{
  "NOME_BEBIDA": {
    "precision": 0.9765886287625418,
    "recall": 0.9733333333333334,
    "f1-score": 0.9749582637729549,
    "support": 300.0
  },
  "GRADUACAO_ALCOOLICA": {
    "precision": 0.9626168224299065,
    "recall": 0.9903846153846154,
    "f1-score": 0.976303317535545,
    "support": 104.0
  },
  "EQUIPAMENTO_DESTILACAO": {
    "precision": 1.0,
    "recall": 0.9583333333333334,
    "f1-score": 0.9787234042553191,
    "support": 24.0
  },
  "TEMPO_ARMAZENAMENTO": {
    "precision": 0.96,
    "recall": 0.9896907216494846,
    "f1-score": 0.9746192893401016,
    "support": 97.0
  },
  "RECIPIENTE_ARMAZENAMENTO": {
    "precision": 0.9555555555555556,
    "recall": 0.9772727272727273,
    "f1-score": 0.9662921348314607,
    "support": 88.0
  },
  "TIPO_MADEIRA": {
    "precision": 1.0,
    "recall": 0.9675675675675676,
    "f1-score": 0.9835164835164835,
    "support": 185.0
  },
  "CARACTERISTICA_SENSORIAL_COR": {
    "precision": 0.9459459459459459,
    "recall": 0.8536585365853658,
    "f1-score": 0.8974358974358975,
    "support": 41.0
  },
  "CARACTERISTICA_SENSORIAL_AROMA": {
    "precision": 0.9032258064516129,
    "recall": 0.8,
    "f1-score": 0.8484848484848485,
    "support": 35.0
  },
  "CARACTERISTICA_SENSORIAL_SABOR": {
    "precision": 0.8958333333333334,
    "recall": 0.86,
    "f1-score": 0.8775510204081632,
    "support": 50.0
  },
  "CARACTERISTICA_SENSORIAL_CONSISTÊNCIA": {
    "precision": 0.9444444444444444,
    "recall": 0.85,
    "f1-score": 0.8947368421052632,
    "support": 20.0
  },
  "NOME_PESSOA": {
    "precision": 0.9850746268656716,
    "recall": 0.9041095890410958,
    "f1-score": 0.9428571428571428,
    "support": 73.0
  },
  "NOME_LOCAL": {
    "precision": 0.9875,
    "recall": 0.9875,
    "f1-score": 0.9875,
    "support": 240.0
  },
  "NOME_ORGANIZACAO": {
    "precision": 0.9326923076923077,
    "recall": 0.941747572815534,
    "f1-score": 0.9371980676328503,
    "support": 103.0
  },
  "TEMPO": {
    "precision": 0.9834710743801653,
    "recall": 0.952,
    "f1-score": 0.967479674796748,
    "support": 125.0
  },
  "PRECO": {
    "precision": 0.9347826086956522,
    "recall": 1.0,
    "f1-score": 0.9662921348314607,
    "support": 86.0
  },
  "VOLUME": {
    "precision": 0.992,
    "recall": 0.96875,
    "f1-score": 0.9802371541501976,
    "support": 256.0
  },
  "CLASSIFICACAO_BEBIDA": {
    "precision": 0.8360655737704918,
    "recall": 0.9272727272727272,
    "f1-score": 0.8793103448275862,
    "support": 110.0
  },
  "micro avg": {
    "precision": 0.9631742738589212,
    "recall": 0.9586990191017036,
    "f1-score": 0.9609314359637775,
    "support": 1937.0
  },
  "macro avg": {
    "precision": 0.9526939251957429,
    "recall": 0.9353894543679873,
    "f1-score": 0.9431468247518838,
    "support": 1937.0
  },
  "weighted avg": {
    "precision": 0.9641698641348011,
    "recall": 0.9586990191017036,
    "f1-score": 0.960949792631447,
    "support": 1937.0
  },
  "samples avg": {
    "precision": 0.9706359989648032,
    "recall": 0.9691500603864733,
    "f1-score": 0.9661372293165772,
    "support": 1937.0
  }
}