{
  "LOCAL": {
    "precision": 0.9090909090909091,
    "recall": 0.5555555555555556,
    "f1-score": 0.6896551724137931,
    "support": 18.0
  },
  "ORGANIZACAO": {
    "precision": 1.0,
    "recall": 0.8421052631578947,
    "f1-score": 0.9142857142857143,
    "support": 19.0
  },
  "PESSOA": {
    "precision": 1.0,
    "recall": 0.6666666666666666,
    "f1-score": 0.8,
    "support": 18.0
  },
  "TEMPO": {
    "precision": 1.0,
    "recall": 0.5,
    "f1-score": 0.6666666666666666,
    "support": 14.0
  },
  "ABSTRACAO": {
    "precision": 0.0,
    "recall": 0.0,
    "f1-score": 0.0,
    "support": 0.0
  },
  "ACONTECIMENTO": {
    "precision": 1.0,
    "recall": 0.25,
    "f1-score": 0.4,
    "support": 4.0
  },
  "COISA": {
    "precision": 1.0,
    "recall": 0.5,
    "f1-score": 0.6666666666666666,
    "support": 6.0
  },
  "OBRA": {
    "precision": 0.8,
    "recall": 0.5,
    "f1-score": 0.6153846153846154,
    "support": 8.0
  },
  "OUTRO": {
    "precision": 0.0,
    "recall": 0.0,
    "f1-score": 0.0,
    "support": 1.0
  },
  "VALOR": {
    "precision": 0.7777777777777778,
    "recall": 0.6363636363636364,
    "f1-score": 0.7,
    "support": 11.0
  },
  "micro avg": {
    "precision": 0.9375,
    "recall": 0.6060606060606061,
    "f1-score": 0.7361963190184049,
    "support": 99.0
  },
  "macro avg": {
    "precision": 0.7486868686868686,
    "recall": 0.4450691121743754,
    "f1-score": 0.5452658835417457,
    "support": 99.0
  },
  "weighted avg": {
    "precision": 0.9325170900928476,
    "recall": 0.6060606060606061,
    "f1-score": 0.72466294880088,
    "support": 99.0
  },
  "samples avg": {
    "precision": 0.6913793103448276,
    "recall": 0.6732348111658457,
    "f1-score": 0.6786506596851425,
    "support": 99.0
  }
}