{
  "LOCAL": {
    "precision": 1.0,
    "recall": 0.38461538461538464,
    "f1-score": 0.5555555555555556,
    "support": 13.0
  },
  "ORGANIZACAO": {
    "precision": 1.0,
    "recall": 0.4166666666666667,
    "f1-score": 0.5882352941176471,
    "support": 12.0
  },
  "PESSOA": {
    "precision": 0.875,
    "recall": 0.4666666666666667,
    "f1-score": 0.6086956521739131,
    "support": 15.0
  },
  "TEMPO": {
    "precision": 1.0,
    "recall": 0.38461538461538464,
    "f1-score": 0.5555555555555556,
    "support": 13.0
  },
  "ABSTRACAO": {
    "precision": 0.0,
    "recall": 0.0,
    "f1-score": 0.0,
    "support": 0.0
  },
  "ACONTECIMENTO": {
    "precision": 0.0,
    "recall": 0.0,
    "f1-score": 0.0,
    "support": 3.0
  },
  "COISA": {
    "precision": 0.5,
    "recall": 0.16666666666666666,
    "f1-score": 0.25,
    "support": 6.0
  },
  "OBRA": {
    "precision": 0.0,
    "recall": 0.0,
    "f1-score": 0.0,
    "support": 7.0
  },
  "OUTRO": {
    "precision": 0.0,
    "recall": 0.0,
    "f1-score": 0.0,
    "support": 1.0
  },
  "VALOR": {
    "precision": 0.6666666666666666,
    "recall": 0.2222222222222222,
    "f1-score": 0.3333333333333333,
    "support": 9.0
  },
  "micro avg": {
    "precision": 0.8928571428571429,
    "recall": 0.31645569620253167,
    "f1-score": 0.4672897196261682,
    "support": 79.0
  },
  "macro avg": {
    "precision": 0.5041666666666667,
    "recall": 0.20414529914529916,
    "f1-score": 0.2891375390736005,
    "support": 79.0
  },
  "weighted avg": {
    "precision": 0.7610759493670886,
    "recall": 0.31645569620253167,
    "f1-score": 0.4447304146387962,
    "support": 79.0
  },
  "samples avg": {
    "precision": 0.5,
    "recall": 0.46825396825396826,
    "f1-score": 0.4809523809523809,
    "support": 79.0
  }
}