{
  "LOCAL": {
    "precision": 1.0,
    "recall": 0.5454545454545454,
    "f1-score": 0.7058823529411765,
    "support": 11.0
  },
  "ORGANIZACAO": {
    "precision": 1.0,
    "recall": 0.5,
    "f1-score": 0.6666666666666666,
    "support": 8.0
  },
  "PESSOA": {
    "precision": 1.0,
    "recall": 0.7272727272727273,
    "f1-score": 0.8421052631578947,
    "support": 11.0
  },
  "TEMPO": {
    "precision": 1.0,
    "recall": 0.5,
    "f1-score": 0.6666666666666666,
    "support": 8.0
  },
  "ABSTRACAO": {
    "precision": 0.0,
    "recall": 0.0,
    "f1-score": 0.0,
    "support": 0.0
  },
  "ACONTECIMENTO": {
    "precision": 0.0,
    "recall": 0.0,
    "f1-score": 0.0,
    "support": 1.0
  },
  "COISA": {
    "precision": 0.0,
    "recall": 0.0,
    "f1-score": 0.0,
    "support": 2.0
  },
  "OBRA": {
    "precision": 0.0,
    "recall": 0.0,
    "f1-score": 0.0,
    "support": 2.0
  },
  "OUTRO": {
    "precision": 0.0,
    "recall": 0.0,
    "f1-score": 0.0,
    "support": 1.0
  },
  "VALOR": {
    "precision": 0.8333333333333334,
    "recall": 0.5555555555555556,
    "f1-score": 0.6666666666666666,
    "support": 9.0
  },
  "micro avg": {
    "precision": 0.9642857142857143,
    "recall": 0.5094339622641509,
    "f1-score": 0.6666666666666666,
    "support": 53.0
  },
  "macro avg": {
    "precision": 0.4833333333333333,
    "recall": 0.28282828282828276,
    "f1-score": 0.3547987616099071,
    "support": 53.0
  },
  "weighted avg": {
    "precision": 0.8584905660377359,
    "recall": 0.5094339622641509,
    "f1-score": 0.635745857429367,
    "support": 53.0
  },
  "samples avg": {
    "precision": 0.5571428571428572,
    "recall": 0.5170068027210885,
    "f1-score": 0.5333333333333333,
    "support": 53.0
  }
}