{
  "LOCAL": {
    "precision": 1.0,
    "recall": 0.23076923076923078,
    "f1-score": 0.375,
    "support": 13.0
  },
  "ORGANIZACAO": {
    "precision": 1.0,
    "recall": 0.23076923076923078,
    "f1-score": 0.375,
    "support": 13.0
  },
  "PESSOA": {
    "precision": 1.0,
    "recall": 0.3076923076923077,
    "f1-score": 0.47058823529411764,
    "support": 13.0
  },
  "TEMPO": {
    "precision": 0.0,
    "recall": 0.0,
    "f1-score": 0.0,
    "support": 9.0
  },
  "ABSTRACAO": {
    "precision": 0.0,
    "recall": 0.0,
    "f1-score": 0.0,
    "support": 0.0
  },
  "ACONTECIMENTO": {
    "precision": 0.0,
    "recall": 0.0,
    "f1-score": 0.0,
    "support": 4.0
  },
  "COISA": {
    "precision": 1.0,
    "recall": 0.16666666666666666,
    "f1-score": 0.2857142857142857,
    "support": 6.0
  },
  "OBRA": {
    "precision": 0.6666666666666666,
    "recall": 0.2222222222222222,
    "f1-score": 0.3333333333333333,
    "support": 9.0
  },
  "OUTRO": {
    "precision": 0.0,
    "recall": 0.0,
    "f1-score": 0.0,
    "support": 1.0
  },
  "VALOR": {
    "precision": 1.0,
    "recall": 0.5714285714285714,
    "f1-score": 0.7272727272727273,
    "support": 7.0
  },
  "micro avg": {
    "precision": 0.8947368421052632,
    "recall": 0.22666666666666666,
    "f1-score": 0.3617021276595745,
    "support": 75.0
  },
  "macro avg": {
    "precision": 0.5666666666666667,
    "recall": 0.17295482295482295,
    "f1-score": 0.2566908581614464,
    "support": 75.0
  },
  "weighted avg": {
    "precision": 0.7733333333333333,
    "recall": 0.22666666666666666,
    "f1-score": 0.34230455818691113,
    "support": 75.0
  },
  "samples avg": {
    "precision": 0.35185185185185186,
    "recall": 0.35185185185185186,
    "f1-score": 0.35185185185185186,
    "support": 75.0
  }
}