{
  "fold": 8,
  "report": {
    "LOCAL": {
      "precision": 0.0,
      "recall": 0.0,
      "f1-score": 0.0,
      "support": 45.0
    },
    "ORGANIZACAO": {
      "precision": 0.0,
      "recall": 0.0,
      "f1-score": 0.0,
      "support": 38.0
    },
    "PESSOA": {
      "precision": 1.0,
      "recall": 0.05660377358490566,
      "f1-score": 0.10714285714285714,
      "support": 53.0
    },
    "TEMPO": {
      "precision": 0.0,
      "recall": 0.0,
      "f1-score": 0.0,
      "support": 14.0
    },
    "ABSTRACAO": {
      "precision": 0.0,
      "recall": 0.0,
      "f1-score": 0.0,
      "support": 0.0
    },
    "ACONTECIMENTO": {
      "precision": 0.0,
      "recall": 0.0,
      "f1-score": 0.0,
      "support": 6.0
    },
    "COISA": {
      "precision": 0.0,
      "recall": 0.0,
      "f1-score": 0.0,
      "support": 8.0
    },
    "OBRA": {
      "precision": 0.0,
      "recall": 0.0,
      "f1-score": 0.0,
      "support": 12.0
    },
    "OUTRO": {
      "precision": 0.0,
      "recall": 0.0,
      "f1-score": 0.0,
      "support": 3.0
    },
    "VALOR": {
      "precision": 0.0,
      "recall": 0.0,
      "f1-score": 0.0,
      "support": 19.0
    },
    "micro avg": {
      "precision": 1.0,
      "recall": 0.015151515151515152,
      "f1-score": 0.029850746268656716,
      "support": 198.0
    },
    "macro avg": {
      "precision": 0.1,
      "recall": 0.0056603773584905665,
      "f1-score": 0.010714285714285714,
      "support": 198.0
    },
    "weighted avg": {
      "precision": 0.2676767676767677,
      "recall": 0.015151515151515152,
      "f1-score": 0.028679653679653676,
      "support": 198.0
    },
    "samples avg": {
      "precision": 0.043478260869565216,
      "recall": 0.016908212560386472,
      "f1-score": 0.024154589371980673,
      "support": 198.0
    }
  }
}