{
  "fold": 9,
  "report": {
    "LOCAL": {
      "precision": 0.75,
      "recall": 0.0967741935483871,
      "f1-score": 0.17142857142857143,
      "support": 31.0
    },
    "ORGANIZACAO": {
      "precision": 0.5,
      "recall": 0.037037037037037035,
      "f1-score": 0.06896551724137931,
      "support": 27.0
    },
    "PESSOA": {
      "precision": 0.75,
      "recall": 0.07317073170731707,
      "f1-score": 0.13333333333333333,
      "support": 41.0
    },
    "TEMPO": {
      "precision": 0.0,
      "recall": 0.0,
      "f1-score": 0.0,
      "support": 21.0
    },
    "ABSTRACAO": {
      "precision": 0.0,
      "recall": 0.0,
      "f1-score": 0.0,
      "support": 0.0
    },
    "ACONTECIMENTO": {
      "precision": 0.0,
      "recall": 0.0,
      "f1-score": 0.0,
      "support": 6.0
    },
    "COISA": {
      "precision": 0.0,
      "recall": 0.0,
      "f1-score": 0.0,
      "support": 4.0
    },
    "OBRA": {
      "precision": 0.0,
      "recall": 0.0,
      "f1-score": 0.0,
      "support": 12.0
    },
    "OUTRO": {
      "precision": 0.0,
      "recall": 0.0,
      "f1-score": 0.0,
      "support": 3.0
    },
    "VALOR": {
      "precision": 0.0,
      "recall": 0.0,
      "f1-score": 0.0,
      "support": 21.0
    },
    "micro avg": {
      "precision": 0.7,
      "recall": 0.04216867469879518,
      "f1-score": 0.07954545454545454,
      "support": 166.0
    },
    "macro avg": {
      "precision": 0.2,
      "recall": 0.02069819622927412,
      "f1-score": 0.03737274220032841,
      "support": 166.0
    },
    "weighted avg": {
      "precision": 0.4066265060240964,
      "recall": 0.04216867469879518,
      "f1-score": 0.07616277919560013,
      "support": 166.0
    },
    "samples avg": {
      "precision": 0.0510752688172043,
      "recall": 0.054838709677419356,
      "f1-score": 0.04900153609831029,
      "support": 166.0
    }
  }
}