{
  "fold": 1,
  "report": {
    "LOCAL": {
      "precision": 1.0,
      "recall": 0.041666666666666664,
      "f1-score": 0.08,
      "support": 48.0
    },
    "ORGANIZACAO": {
      "precision": 1.0,
      "recall": 0.037037037037037035,
      "f1-score": 0.07142857142857142,
      "support": 27.0
    },
    "PESSOA": {
      "precision": 0.0,
      "recall": 0.0,
      "f1-score": 0.0,
      "support": 37.0
    },
    "TEMPO": {
      "precision": 0.0,
      "recall": 0.0,
      "f1-score": 0.0,
      "support": 23.0
    },
    "ABSTRACAO": {
      "precision": 0.0,
      "recall": 0.0,
      "f1-score": 0.0,
      "support": 0.0
    },
    "ACONTECIMENTO": {
      "precision": 1.0,
      "recall": 0.1111111111111111,
      "f1-score": 0.2,
      "support": 9.0
    },
    "COISA": {
      "precision": 0.0,
      "recall": 0.0,
      "f1-score": 0.0,
      "support": 3.0
    },
    "OBRA": {
      "precision": 0.0,
      "recall": 0.0,
      "f1-score": 0.0,
      "support": 10.0
    },
    "OUTRO": {
      "precision": 0.0,
      "recall": 0.0,
      "f1-score": 0.0,
      "support": 1.0
    },
    "VALOR": {
      "precision": 0.0,
      "recall": 0.0,
      "f1-score": 0.0,
      "support": 23.0
    },
    "micro avg": {
      "precision": 1.0,
      "recall": 0.022099447513812154,
      "f1-score": 0.043243243243243246,
      "support": 181.0
    },
    "macro avg": {
      "precision": 0.3,
      "recall": 0.01898148148148148,
      "f1-score": 0.03514285714285714,
      "support": 181.0
    },
    "weighted avg": {
      "precision": 0.46408839779005523,
      "recall": 0.022099447513812154,
      "f1-score": 0.04181531176006314,
      "support": 181.0
    },
    "samples avg": {
      "precision": 0.031746031746031744,
      "recall": 0.015873015873015872,
      "f1-score": 0.021164021164021163,
      "support": 181.0
    }
  }
}