{
  "fold": 0,
  "report": {
    "LOCAL": {
      "precision": 1.0,
      "recall": 0.02702702702702703,
      "f1-score": 0.05263157894736842,
      "support": 37.0
    },
    "ORGANIZACAO": {
      "precision": 1.0,
      "recall": 0.03225806451612903,
      "f1-score": 0.0625,
      "support": 31.0
    },
    "PESSOA": {
      "precision": 1.0,
      "recall": 0.037037037037037035,
      "f1-score": 0.07142857142857142,
      "support": 27.0
    },
    "TEMPO": {
      "precision": 0.0,
      "recall": 0.0,
      "f1-score": 0.0,
      "support": 16.0
    },
    "ABSTRACAO": {
      "precision": 0.0,
      "recall": 0.0,
      "f1-score": 0.0,
      "support": 0.0
    },
    "ACONTECIMENTO": {
      "precision": 0.0,
      "recall": 0.0,
      "f1-score": 0.0,
      "support": 2.0
    },
    "COISA": {
      "precision": 0.0,
      "recall": 0.0,
      "f1-score": 0.0,
      "support": 8.0
    },
    "OBRA": {
      "precision": 0.0,
      "recall": 0.0,
      "f1-score": 0.0,
      "support": 7.0
    },
    "OUTRO": {
      "precision": 0.0,
      "recall": 0.0,
      "f1-score": 0.0,
      "support": 3.0
    },
    "VALOR": {
      "precision": 0.0,
      "recall": 0.0,
      "f1-score": 0.0,
      "support": 23.0
    },
    "micro avg": {
      "precision": 0.75,
      "recall": 0.01948051948051948,
      "f1-score": 0.0379746835443038,
      "support": 154.0
    },
    "macro avg": {
      "precision": 0.3,
      "recall": 0.00963221285801931,
      "f1-score": 0.018656015037593985,
      "support": 154.0
    },
    "weighted avg": {
      "precision": 0.6168831168831169,
      "recall": 0.01948051948051948,
      "f1-score": 0.037749609413143245,
      "support": 154.0
    },
    "samples avg": {
      "precision": 0.047619047619047616,
      "recall": 0.027777777777777776,
      "f1-score": 0.0328042328042328,
      "support": 154.0
    }
  }
}