{
  "fold": 6,
  "report": {
    "LOCAL": {
      "precision": 1.0,
      "recall": 0.06451612903225806,
      "f1-score": 0.12121212121212122,
      "support": 31.0
    },
    "ORGANIZACAO": {
      "precision": 0.0,
      "recall": 0.0,
      "f1-score": 0.0,
      "support": 27.0
    },
    "PESSOA": {
      "precision": 0.0,
      "recall": 0.0,
      "f1-score": 0.0,
      "support": 22.0
    },
    "TEMPO": {
      "precision": 0.0,
      "recall": 0.0,
      "f1-score": 0.0,
      "support": 19.0
    },
    "ABSTRACAO": {
      "precision": 0.0,
      "recall": 0.0,
      "f1-score": 0.0,
      "support": 0.0
    },
    "ACONTECIMENTO": {
      "precision": 0.0,
      "recall": 0.0,
      "f1-score": 0.0,
      "support": 4.0
    },
    "COISA": {
      "precision": 0.0,
      "recall": 0.0,
      "f1-score": 0.0,
      "support": 6.0
    },
    "OBRA": {
      "precision": 0.0,
      "recall": 0.0,
      "f1-score": 0.0,
      "support": 11.0
    },
    "OUTRO": {
      "precision": 0.0,
      "recall": 0.0,
      "f1-score": 0.0,
      "support": 3.0
    },
    "VALOR": {
      "precision": 0.0,
      "recall": 0.0,
      "f1-score": 0.0,
      "support": 21.0
    },
    "micro avg": {
      "precision": 1.0,
      "recall": 0.013888888888888888,
      "f1-score": 0.0273972602739726,
      "support": 144.0
    },
    "macro avg": {
      "precision": 0.1,
      "recall": 0.0064516129032258064,
      "f1-score": 0.012121212121212121,
      "support": 144.0
    },
    "weighted avg": {
      "precision": 0.2152777777777778,
      "recall": 0.013888888888888888,
      "f1-score": 0.026094276094276097,
      "support": 144.0
    },
    "samples avg": {
      "precision": 0.04878048780487805,
      "recall": 0.014227642276422762,
      "f1-score": 0.021951219512195124,
      "support": 144.0
    }
  }
}