{
  "LOCAL": {
    "precision": 0.8392857142857143,
    "recall": 0.7704918032786885,
    "f1-score": 0.8034188034188035,
    "support": 61.0
  },
  "ORGANIZACAO": {
    "precision": 0.8823529411764706,
    "recall": 0.7142857142857143,
    "f1-score": 0.7894736842105263,
    "support": 63.0
  },
  "PESSOA": {
    "precision": 0.9054054054054054,
    "recall": 0.8375,
    "f1-score": 0.8701298701298701,
    "support": 80.0
  },
  "TEMPO": {
    "precision": 0.9384615384615385,
    "recall": 0.8243243243243243,
    "f1-score": 0.8776978417266187,
    "support": 74.0
  },
  "ABSTRACAO": {
    "precision": 0.0,
    "recall": 0.0,
    "f1-score": 0.0,
    "support": 0.0
  },
  "ACONTECIMENTO": {
    "precision": 0.875,
    "recall": 0.6363636363636364,
    "f1-score": 0.7368421052631579,
    "support": 22.0
  },
  "COISA": {
    "precision": 0.6190476190476191,
    "recall": 0.52,
    "f1-score": 0.5652173913043478,
    "support": 25.0
  },
  "OBRA": {
    "precision": 0.7931034482758621,
    "recall": 0.6571428571428571,
    "f1-score": 0.71875,
    "support": 35.0
  },
  "OUTRO": {
    "precision": 0.5,
    "recall": 0.2,
    "f1-score": 0.2857142857142857,
    "support": 5.0
  },
  "VALOR": {
    "precision": 0.7,
    "recall": 0.6666666666666666,
    "f1-score": 0.6829268292682927,
    "support": 21.0
  },
  "micro avg": {
    "precision": 0.8532934131736527,
    "recall": 0.7383419689119171,
    "f1-score": 0.7916666666666666,
    "support": 386.0
  },
  "macro avg": {
    "precision": 0.705265666665261,
    "recall": 0.5826775002061888,
    "f1-score": 0.6330170811035902,
    "support": 386.0
  },
  "weighted avg": {
    "precision": 0.8506426458807723,
    "recall": 0.7383419689119171,
    "f1-score": 0.7890483548020033,
    "support": 386.0
  },
  "samples avg": {
    "precision": 0.8065591397849462,
    "recall": 0.8198310291858677,
    "f1-score": 0.8023543481607998,
    "support": 386.0
  }
}