{
  "LOCAL": {
    "precision": 0.9552238805970149,
    "recall": 0.8533333333333334,
    "f1-score": 0.9014084507042254,
    "support": 75.0
  },
  "ORGANIZACAO": {
    "precision": 0.88,
    "recall": 0.8301886792452831,
    "f1-score": 0.8543689320388349,
    "support": 53.0
  },
  "PESSOA": {
    "precision": 0.9523809523809523,
    "recall": 0.898876404494382,
    "f1-score": 0.9248554913294798,
    "support": 89.0
  },
  "TEMPO": {
    "precision": 0.9836065573770492,
    "recall": 0.8823529411764706,
    "f1-score": 0.9302325581395349,
    "support": 68.0
  },
  "ABSTRACAO": {
    "precision": 0.0,
    "recall": 0.0,
    "f1-score": 0.0,
    "support": 0.0
  },
  "ACONTECIMENTO": {
    "precision": 0.8235294117647058,
    "recall": 0.8235294117647058,
    "f1-score": 0.8235294117647058,
    "support": 17.0
  },
  "COISA": {
    "precision": 0.7272727272727273,
    "recall": 0.8,
    "f1-score": 0.7619047619047619,
    "support": 20.0
  },
  "OBRA": {
    "precision": 0.8421052631578947,
    "recall": 0.7441860465116279,
    "f1-score": 0.7901234567901234,
    "support": 43.0
  },
  "OUTRO": {
    "precision": 0.8181818181818182,
    "recall": 0.8181818181818182,
    "f1-score": 0.8181818181818182,
    "support": 11.0
  },
  "VALOR": {
    "precision": 1.0,
    "recall": 0.9047619047619048,
    "f1-score": 0.95,
    "support": 21.0
  },
  "micro avg": {
    "precision": 0.9159891598915989,
    "recall": 0.8513853904282116,
    "f1-score": 0.8825065274151436,
    "support": 397.0
  },
  "macro avg": {
    "precision": 0.7982300610732163,
    "recall": 0.7555410539469526,
    "f1-score": 0.7754604880853484,
    "support": 397.0
  },
  "weighted avg": {
    "precision": 0.9186018200744692,
    "recall": 0.8513853904282116,
    "f1-score": 0.8831701354225635,
    "support": 397.0
  },
  "samples avg": {
    "precision": 0.8846869712351945,
    "recall": 0.8670896785109983,
    "f1-score": 0.8681613085166384,
    "support": 397.0
  }
}