{
  "LOCAL": {
    "precision": 0.8863636363636364,
    "recall": 0.9069767441860465,
    "f1-score": 0.896551724137931,
    "support": 86.0
  },
  "ORGANIZACAO": {
    "precision": 0.8918918918918919,
    "recall": 0.717391304347826,
    "f1-score": 0.7951807228915663,
    "support": 46.0
  },
  "PESSOA": {
    "precision": 0.9746835443037974,
    "recall": 0.8953488372093024,
    "f1-score": 0.9333333333333333,
    "support": 86.0
  },
  "TEMPO": {
    "precision": 0.9848484848484849,
    "recall": 0.8666666666666667,
    "f1-score": 0.9219858156028369,
    "support": 75.0
  },
  "ABSTRACAO": {
    "precision": 0.0,
    "recall": 0.0,
    "f1-score": 0.0,
    "support": 0.0
  },
  "ACONTECIMENTO": {
    "precision": 0.9473684210526315,
    "recall": 0.6923076923076923,
    "f1-score": 0.8,
    "support": 26.0
  },
  "COISA": {
    "precision": 0.7727272727272727,
    "recall": 0.85,
    "f1-score": 0.8095238095238095,
    "support": 20.0
  },
  "OBRA": {
    "precision": 0.9655172413793104,
    "recall": 0.7,
    "f1-score": 0.8115942028985508,
    "support": 40.0
  },
  "OUTRO": {
    "precision": 0.5,
    "recall": 0.7142857142857143,
    "f1-score": 0.5882352941176471,
    "support": 7.0
  },
  "VALOR": {
    "precision": 0.9444444444444444,
    "recall": 0.7727272727272727,
    "f1-score": 0.85,
    "support": 22.0
  },
  "micro avg": {
    "precision": 0.9184782608695652,
    "recall": 0.8284313725490197,
    "f1-score": 0.8711340206185567,
    "support": 408.0
  },
  "macro avg": {
    "precision": 0.7867844937011469,
    "recall": 0.7115704231730521,
    "f1-score": 0.7406404902505674,
    "support": 408.0
  },
  "weighted avg": {
    "precision": 0.9262875312816831,
    "recall": 0.8284313725490197,
    "f1-score": 0.8710030777720473,
    "support": 408.0
  },
  "samples avg": {
    "precision": 0.8893650793650792,
    "recall": 0.8746031746031746,
    "f1-score": 0.8756122448979592,
    "support": 408.0
  }
}