{
  "LOCAL": {
    "precision": 0.935064935064935,
    "recall": 0.8372093023255814,
    "f1-score": 0.8834355828220859,
    "support": 86.0
  },
  "ORGANIZACAO": {
    "precision": 0.9245283018867925,
    "recall": 0.9074074074074074,
    "f1-score": 0.9158878504672897,
    "support": 54.0
  },
  "PESSOA": {
    "precision": 0.8984375,
    "recall": 0.9426229508196722,
    "f1-score": 0.92,
    "support": 122.0
  },
  "TEMPO": {
    "precision": 0.9466666666666667,
    "recall": 0.8875,
    "f1-score": 0.9161290322580645,
    "support": 80.0
  },
  "ABSTRACAO": {
    "precision": 0.0,
    "recall": 0.0,
    "f1-score": 0.0,
    "support": 0.0
  },
  "ACONTECIMENTO": {
    "precision": 0.8260869565217391,
    "recall": 0.8260869565217391,
    "f1-score": 0.8260869565217391,
    "support": 23.0
  },
  "COISA": {
    "precision": 0.6774193548387096,
    "recall": 0.8076923076923077,
    "f1-score": 0.7368421052631579,
    "support": 26.0
  },
  "OBRA": {
    "precision": 0.7142857142857143,
    "recall": 0.8333333333333334,
    "f1-score": 0.7692307692307693,
    "support": 36.0
  },
  "OUTRO": {
    "precision": 0.5,
    "recall": 0.16666666666666666,
    "f1-score": 0.25,
    "support": 6.0
  },
  "VALOR": {
    "precision": 0.8181818181818182,
    "recall": 1.0,
    "f1-score": 0.9,
    "support": 9.0
  },
  "micro avg": {
    "precision": 0.8755656108597285,
    "recall": 0.8755656108597285,
    "f1-score": 0.8755656108597285,
    "support": 442.0
  },
  "macro avg": {
    "precision": 0.7240671247446375,
    "recall": 0.7208518924766708,
    "f1-score": 0.7117612296563107,
    "support": 442.0
  },
  "weighted avg": {
    "precision": 0.8786734080419302,
    "recall": 0.8755656108597285,
    "f1-score": 0.8742396585016472,
    "support": 442.0
  },
  "samples avg": {
    "precision": 0.8747863247863249,
    "recall": 0.8928571428571429,
    "f1-score": 0.8759666259666259,
    "support": 442.0
  }
}