{
  "LOCAL": {
    "precision": 0.8974358974358975,
    "recall": 0.7,
    "f1-score": 0.7865168539325843,
    "support": 50.0
  },
  "ORGANIZACAO": {
    "precision": 0.8571428571428571,
    "recall": 0.8780487804878049,
    "f1-score": 0.8674698795180723,
    "support": 41.0
  },
  "PESSOA": {
    "precision": 0.9818181818181818,
    "recall": 0.8307692307692308,
    "f1-score": 0.9,
    "support": 65.0
  },
  "TEMPO": {
    "precision": 0.9411764705882353,
    "recall": 0.7741935483870968,
    "f1-score": 0.8495575221238938,
    "support": 62.0
  },
  "ABSTRACAO": {
    "precision": 0.0,
    "recall": 0.0,
    "f1-score": 0.0,
    "support": 0.0
  },
  "ACONTECIMENTO": {
    "precision": 0.7142857142857143,
    "recall": 0.5555555555555556,
    "f1-score": 0.625,
    "support": 18.0
  },
  "COISA": {
    "precision": 0.7142857142857143,
    "recall": 0.8333333333333334,
    "f1-score": 0.7692307692307693,
    "support": 18.0
  },
  "OBRA": {
    "precision": 0.7894736842105263,
    "recall": 0.7142857142857143,
    "f1-score": 0.75,
    "support": 21.0
  },
  "OUTRO": {
    "precision": 0.0,
    "recall": 0.0,
    "f1-score": 0.0,
    "support": 5.0
  },
  "VALOR": {
    "precision": 0.9615384615384616,
    "recall": 0.7352941176470589,
    "f1-score": 0.8333333333333334,
    "support": 34.0
  },
  "micro avg": {
    "precision": 0.8913857677902621,
    "recall": 0.7579617834394905,
    "f1-score": 0.8192771084337349,
    "support": 314.0
  },
  "macro avg": {
    "precision": 0.6857156981305588,
    "recall": 0.6021480280465794,
    "f1-score": 0.6381108358138652,
    "support": 314.0
  },
  "weighted avg": {
    "precision": 0.8827111967653468,
    "recall": 0.7579617834394905,
    "f1-score": 0.8128794946115885,
    "support": 314.0
  },
  "samples avg": {
    "precision": 0.8161157024793388,
    "recall": 0.8045454545454545,
    "f1-score": 0.8016463334645153,
    "support": 314.0
  }
}