{
  "LOCAL": {
    "precision": 0.8518518518518519,
    "recall": 0.8518518518518519,
    "f1-score": 0.8518518518518519,
    "support": 27.0
  },
  "ORGANIZACAO": {
    "precision": 0.9808429118773946,
    "recall": 0.9142857142857143,
    "f1-score": 0.9463955637707948,
    "support": 280.0
  },
  "PESSOA": {
    "precision": 0.9913793103448276,
    "recall": 0.9504132231404959,
    "f1-score": 0.9704641350210971,
    "support": 121.0
  },
  "TEMPO": {
    "precision": 1.0,
    "recall": 0.9281045751633987,
    "f1-score": 0.9627118644067797,
    "support": 153.0
  },
  "JURISPRUDENCIA": {
    "precision": 0.990990990990991,
    "recall": 0.8943089430894309,
    "f1-score": 0.9401709401709402,
    "support": 123.0
  },
  "LEGISLACAO": {
    "precision": 0.9906103286384976,
    "recall": 0.9419642857142857,
    "f1-score": 0.965675057208238,
    "support": 224.0
  },
  "micro avg": {
    "precision": 0.9850574712643678,
    "recall": 0.9234913793103449,
    "f1-score": 0.9532814238042269,
    "support": 928.0
  },
  "macro avg": {
    "precision": 0.9676125656172605,
    "recall": 0.9134880988741964,
    "f1-score": 0.939544902071617,
    "support": 928.0
  },
  "weighted avg": {
    "precision": 0.985324910974472,
    "recall": 0.9234913793103449,
    "f1-score": 0.9533018016199175,
    "support": 928.0
  },
  "samples avg": {
    "precision": 0.975736568457539,
    "recall": 0.959792027729636,
    "f1-score": 0.9633710214299468,
    "support": 928.0
  }
}