{
  "LOCAL": {
    "precision": 0.9375,
    "recall": 0.7894736842105263,
    "f1-score": 0.8571428571428571,
    "support": 38.0
  },
  "ORGANIZACAO": {
    "precision": 0.9271523178807947,
    "recall": 0.8805031446540881,
    "f1-score": 0.9032258064516129,
    "support": 159.0
  },
  "PESSOA": {
    "precision": 0.9895833333333334,
    "recall": 0.8878504672897196,
    "f1-score": 0.9359605911330049,
    "support": 107.0
  },
  "TEMPO": {
    "precision": 0.9807692307692307,
    "recall": 0.9272727272727272,
    "f1-score": 0.9532710280373832,
    "support": 110.0
  },
  "JURISPRUDENCIA": {
    "precision": 0.9629629629629629,
    "recall": 0.8666666666666667,
    "f1-score": 0.9122807017543859,
    "support": 60.0
  },
  "LEGISLACAO": {
    "precision": 0.9942528735632183,
    "recall": 0.9774011299435028,
    "f1-score": 0.9857549857549858,
    "support": 177.0
  },
  "micro avg": {
    "precision": 0.9689034369885434,
    "recall": 0.9093701996927803,
    "f1-score": 0.9381933438985737,
    "support": 651.0
  },
  "macro avg": {
    "precision": 0.96537011975159,
    "recall": 0.8881946366728717,
    "f1-score": 0.9246059950457051,
    "support": 651.0
  },
  "weighted avg": {
    "precision": 0.9686217926156616,
    "recall": 0.9093701996927803,
    "f1-score": 0.9376457799024184,
    "support": 651.0
  },
  "samples avg": {
    "precision": 0.9406332453825857,
    "recall": 0.9511873350923483,
    "f1-score": 0.941788027276154,
    "support": 651.0
  }
}