{
  "LOCAL": {
    "precision": 0.704225352112676,
    "recall": 0.9090909090909091,
    "f1-score": 0.7936507936507936,
    "support": 55.0
  },
  "ORGANIZACAO": {
    "precision": 0.9365079365079365,
    "recall": 0.8939393939393939,
    "f1-score": 0.9147286821705426,
    "support": 264.0
  },
  "PESSOA": {
    "precision": 0.9929577464788732,
    "recall": 0.844311377245509,
    "f1-score": 0.912621359223301,
    "support": 167.0
  },
  "TEMPO": {
    "precision": 0.968421052631579,
    "recall": 0.8932038834951457,
    "f1-score": 0.9292929292929293,
    "support": 103.0
  },
  "JURISPRUDENCIA": {
    "precision": 0.9907407407407407,
    "recall": 0.8294573643410853,
    "f1-score": 0.9029535864978903,
    "support": 129.0
  },
  "LEGISLACAO": {
    "precision": 0.875,
    "recall": 0.936046511627907,
    "f1-score": 0.9044943820224719,
    "support": 172.0
  },
  "micro avg": {
    "precision": 0.9237089201877934,
    "recall": 0.8842696629213483,
    "f1-score": 0.9035591274397244,
    "support": 890.0
  },
  "macro avg": {
    "precision": 0.911308804745301,
    "recall": 0.8843415732899916,
    "f1-score": 0.8929569554763215,
    "support": 890.0
  },
  "weighted avg": {
    "precision": 0.9324127609470477,
    "recall": 0.8842696629213483,
    "f1-score": 0.9048518548509809,
    "support": 890.0
  },
  "samples avg": {
    "precision": 0.9129439890710382,
    "recall": 0.9233948087431694,
    "f1-score": 0.9108679003146215,
    "support": 890.0
  }
}