{
  "LOCAL": {
    "precision": 0.8823529411764706,
    "recall": 0.8571428571428571,
    "f1-score": 0.8695652173913043,
    "support": 35.0
  },
  "ORGANIZACAO": {
    "precision": 0.9707602339181286,
    "recall": 0.9120879120879121,
    "f1-score": 0.9405099150141643,
    "support": 182.0
  },
  "PESSOA": {
    "precision": 0.9906542056074766,
    "recall": 0.9464285714285714,
    "f1-score": 0.9680365296803652,
    "support": 112.0
  },
  "TEMPO": {
    "precision": 0.9913793103448276,
    "recall": 0.9426229508196722,
    "f1-score": 0.9663865546218487,
    "support": 122.0
  },
  "JURISPRUDENCIA": {
    "precision": 0.984375,
    "recall": 0.9197080291970803,
    "f1-score": 0.9509433962264151,
    "support": 137.0
  },
  "LEGISLACAO": {
    "precision": 0.9945945945945946,
    "recall": 0.989247311827957,
    "f1-score": 0.9919137466307277,
    "support": 186.0
  },
  "micro avg": {
    "precision": 0.9811066126855601,
    "recall": 0.9392764857881137,
    "f1-score": 0.9597359735973597,
    "support": 774.0
  },
  "macro avg": {
    "precision": 0.9690193809402498,
    "recall": 0.9278729387506749,
    "f1-score": 0.947892559927471,
    "support": 774.0
  },
  "weighted avg": {
    "precision": 0.9810287235128902,
    "recall": 0.9392764857881137,
    "f1-score": 0.9595633595422146,
    "support": 774.0
  },
  "samples avg": {
    "precision": 0.9659011830201808,
    "recall": 0.9572720946416144,
    "f1-score": 0.9587218742751102,
    "support": 774.0
  }
}