{
  "LOCAL": {
    "precision": 0.8285714285714286,
    "recall": 0.7631578947368421,
    "f1-score": 0.7945205479452054,
    "support": 38.0
  },
  "ORGANIZACAO": {
    "precision": 0.9555555555555556,
    "recall": 0.9033613445378151,
    "f1-score": 0.9287257019438445,
    "support": 238.0
  },
  "PESSOA": {
    "precision": 0.990909090909091,
    "recall": 0.9478260869565217,
    "f1-score": 0.9688888888888889,
    "support": 115.0
  },
  "TEMPO": {
    "precision": 0.961038961038961,
    "recall": 0.9426751592356688,
    "f1-score": 0.9517684887459807,
    "support": 157.0
  },
  "JURISPRUDENCIA": {
    "precision": 0.946236559139785,
    "recall": 0.8979591836734694,
    "f1-score": 0.9214659685863874,
    "support": 98.0
  },
  "LEGISLACAO": {
    "precision": 0.9534883720930233,
    "recall": 0.9318181818181818,
    "f1-score": 0.9425287356321839,
    "support": 176.0
  },
  "micro avg": {
    "precision": 0.9543726235741445,
    "recall": 0.916058394160584,
    "f1-score": 0.9348230912476723,
    "support": 822.0
  },
  "macro avg": {
    "precision": 0.9392999945513075,
    "recall": 0.8977996418264165,
    "f1-score": 0.9179830552904152,
    "support": 822.0
  },
  "weighted avg": {
    "precision": 0.9541249819095741,
    "recall": 0.916058394160584,
    "f1-score": 0.934631502716088,
    "support": 822.0
  },
  "samples avg": {
    "precision": 0.9405098039215687,
    "recall": 0.939921568627451,
    "f1-score": 0.9348326967150496,
    "support": 822.0
  }
}