{
  "LOCAL": {
    "precision": 0.8571428571428571,
    "recall": 0.8275862068965517,
    "f1-score": 0.8421052631578947,
    "support": 29.0
  },
  "ORGANIZACAO": {
    "precision": 0.9786096256684492,
    "recall": 0.9336734693877551,
    "f1-score": 0.9556135770234987,
    "support": 196.0
  },
  "PESSOA": {
    "precision": 0.9930555555555556,
    "recall": 0.9407894736842105,
    "f1-score": 0.9662162162162162,
    "support": 152.0
  },
  "TEMPO": {
    "precision": 1.0,
    "recall": 0.9436619718309859,
    "f1-score": 0.9710144927536232,
    "support": 142.0
  },
  "JURISPRUDENCIA": {
    "precision": 0.9719626168224299,
    "recall": 0.9719626168224299,
    "f1-score": 0.9719626168224299,
    "support": 107.0
  },
  "LEGISLACAO": {
    "precision": 0.9881656804733728,
    "recall": 0.9597701149425287,
    "f1-score": 0.9737609329446064,
    "support": 174.0
  },
  "micro avg": {
    "precision": 0.9817945383615084,
    "recall": 0.94375,
    "f1-score": 0.9623964308476737,
    "support": 800.0
  },
  "macro avg": {
    "precision": 0.9648227226104442,
    "recall": 0.9295739755940771,
    "f1-score": 0.9467788498197115,
    "support": 800.0
  },
  "weighted avg": {
    "precision": 0.9819373779187127,
    "recall": 0.94375,
    "f1-score": 0.9623807986205319,
    "support": 800.0
  },
  "samples avg": {
    "precision": 0.9510441767068272,
    "recall": 0.9534136546184738,
    "f1-score": 0.9495161598776056,
    "support": 800.0
  }
}