{
  "LOCAL": {
    "precision": 0.9561933534743202,
    "recall": 0.9768518518518519,
    "f1-score": 0.966412213740458,
    "support": 648.0
  },
  "ORGANIZACAO": {
    "precision": 0.9384615384615385,
    "recall": 0.856140350877193,
    "f1-score": 0.8954128440366973,
    "support": 285.0
  },
  "PESSOA": {
    "precision": 0.9755244755244755,
    "recall": 0.9620689655172414,
    "f1-score": 0.96875,
    "support": 290.0
  },
  "TEMPO": {
    "precision": 0.926829268292683,
    "recall": 0.8721311475409836,
    "f1-score": 0.8986486486486487,
    "support": 305.0
  },
  "micro avg": {
    "precision": 0.9511705685618729,
    "recall": 0.930628272251309,
    "f1-score": 0.940787297386702,
    "support": 1528.0
  },
  "macro avg": {
    "precision": 0.9492521589382542,
    "recall": 0.9167980789468175,
    "f1-score": 0.932305926606451,
    "support": 1528.0
  },
  "weighted avg": {
    "precision": 0.9506936231965081,
    "recall": 0.930628272251309,
    "f1-score": 0.94008711576709,
    "support": 1528.0
  },
  "samples avg": {
    "precision": 0.9595984329089128,
    "recall": 0.9461312438785504,
    "f1-score": 0.9449419336784666,
    "support": 1528.0
  }
}