{
  "DATA": {
    "precision": 0.94,
    "recall": 0.9591836734693877,
    "f1-score": 0.9494949494949495,
    "support": 49.0
  },
  "EVENTO": {
    "precision": 0.0,
    "recall": 0.0,
    "f1-score": 0.0,
    "support": 2.0
  },
  "FUNDapelido": {
    "precision": 0.8181818181818182,
    "recall": 1.0,
    "f1-score": 0.9,
    "support": 18.0
  },
  "FUNDlei": {
    "precision": 0.9347826086956522,
    "recall": 0.9772727272727273,
    "f1-score": 0.9555555555555556,
    "support": 44.0
  },
  "FUNDprojetodelei": {
    "precision": 0.5,
    "recall": 1.0,
    "f1-score": 0.6666666666666666,
    "support": 1.0
  },
  "LOCALconcreto": {
    "precision": 0.8695652173913043,
    "recall": 0.9090909090909091,
    "f1-score": 0.8888888888888888,
    "support": 22.0
  },
  "LOCALvirtual": {
    "precision": 1.0,
    "recall": 0.8571428571428571,
    "f1-score": 0.9230769230769231,
    "support": 7.0
  },
  "ORGgovernamental": {
    "precision": 0.8695652173913043,
    "recall": 0.9302325581395349,
    "f1-score": 0.898876404494382,
    "support": 43.0
  },
  "ORGnaogovernamental": {
    "precision": 0.8888888888888888,
    "recall": 0.8,
    "f1-score": 0.8421052631578947,
    "support": 10.0
  },
  "ORGpartido": {
    "precision": 0.6,
    "recall": 1.0,
    "f1-score": 0.75,
    "support": 3.0
  },
  "PESSOAcargo": {
    "precision": 0.9545454545454546,
    "recall": 1.0,
    "f1-score": 0.9767441860465116,
    "support": 21.0
  },
  "PESSOAgrupocargo": {
    "precision": 0.8260869565217391,
    "recall": 0.8636363636363636,
    "f1-score": 0.8444444444444444,
    "support": 22.0
  },
  "PESSOAindividual": {
    "precision": 0.9722222222222222,
    "recall": 1.0,
    "f1-score": 0.9859154929577465,
    "support": 35.0
  },
  "PRODUTOoutros": {
    "precision": 0.9583333333333334,
    "recall": 0.7419354838709677,
    "f1-score": 0.8363636363636363,
    "support": 31.0
  },
  "PRODUTOprograma": {
    "precision": 1.0,
    "recall": 1.0,
    "f1-score": 1.0,
    "support": 1.0
  },
  "PRODUTOsistema": {
    "precision": 1.0,
    "recall": 1.0,
    "f1-score": 1.0,
    "support": 1.0
  },
  "micro avg": {
    "precision": 0.9022082018927445,
    "recall": 0.9225806451612903,
    "f1-score": 0.9122807017543859,
    "support": 310.0
  },
  "macro avg": {
    "precision": 0.8207607323232323,
    "recall": 0.8774059107889217,
    "f1-score": 0.838633275696725,
    "support": 310.0
  },
  "weighted avg": {
    "precision": 0.9051090781588678,
    "recall": 0.9225806451612903,
    "f1-score": 0.9106448914317529,
    "support": 310.0
  },
  "samples avg": {
    "precision": 0.9141025641025641,
    "recall": 0.9239316239316239,
    "f1-score": 0.9107936507936508,
    "support": 310.0
  }
}