{
  "DATA": {
    "precision": 0.9622641509433962,
    "recall": 0.9622641509433962,
    "f1-score": 0.9622641509433962,
    "support": 53.0
  },
  "EVENTO": {
    "precision": 1.0,
    "recall": 0.75,
    "f1-score": 0.8571428571428571,
    "support": 4.0
  },
  "FUNDapelido": {
    "precision": 1.0,
    "recall": 1.0,
    "f1-score": 1.0,
    "support": 17.0
  },
  "FUNDlei": {
    "precision": 0.9375,
    "recall": 0.9183673469387755,
    "f1-score": 0.9278350515463918,
    "support": 49.0
  },
  "FUNDprojetodelei": {
    "precision": 0.0,
    "recall": 0.0,
    "f1-score": 0.0,
    "support": 2.0
  },
  "LOCALconcreto": {
    "precision": 0.9302325581395349,
    "recall": 0.975609756097561,
    "f1-score": 0.9523809523809523,
    "support": 41.0
  },
  "LOCALvirtual": {
    "precision": 0.5,
    "recall": 0.5,
    "f1-score": 0.5,
    "support": 2.0
  },
  "ORGgovernamental": {
    "precision": 0.9032258064516129,
    "recall": 0.875,
    "f1-score": 0.8888888888888888,
    "support": 32.0
  },
  "ORGnaogovernamental": {
    "precision": 1.0,
    "recall": 1.0,
    "f1-score": 1.0,
    "support": 11.0
  },
  "ORGpartido": {
    "precision": 1.0,
    "recall": 0.8,
    "f1-score": 0.8888888888888888,
    "support": 5.0
  },
  "PESSOAcargo": {
    "precision": 0.9583333333333334,
    "recall": 0.9583333333333334,
    "f1-score": 0.9583333333333334,
    "support": 24.0
  },
  "PESSOAgrupocargo": {
    "precision": 0.8181818181818182,
    "recall": 0.8181818181818182,
    "f1-score": 0.8181818181818182,
    "support": 11.0
  },
  "PESSOAindividual": {
    "precision": 1.0,
    "recall": 0.9736842105263158,
    "f1-score": 0.9866666666666667,
    "support": 38.0
  },
  "PRODUTOoutros": {
    "precision": 0.6842105263157895,
    "recall": 0.9285714285714286,
    "f1-score": 0.7878787878787878,
    "support": 14.0
  },
  "PRODUTOprograma": {
    "precision": 1.0,
    "recall": 0.75,
    "f1-score": 0.8571428571428571,
    "support": 12.0
  },
  "PRODUTOsistema": {
    "precision": 1.0,
    "recall": 1.0,
    "f1-score": 1.0,
    "support": 6.0
  },
  "micro avg": {
    "precision": 0.9339622641509434,
    "recall": 0.9252336448598131,
    "f1-score": 0.9295774647887324,
    "support": 321.0
  },
  "macro avg": {
    "precision": 0.8558717620853429,
    "recall": 0.8256257527870393,
    "f1-score": 0.8366002658121774,
    "support": 321.0
  },
  "weighted avg": {
    "precision": 0.933206255634248,
    "recall": 0.9252336448598131,
    "f1-score": 0.9272222664803837,
    "support": 321.0
  },
  "samples avg": {
    "precision": 0.94006734006734,
    "recall": 0.9385521885521885,
    "f1-score": 0.9314975148308482,
    "support": 321.0
  }
}