{
  "DATA": {
    "precision": 0.9682539682539683,
    "recall": 1.0,
    "f1-score": 0.9838709677419355,
    "support": 61.0
  },
  "EVENTO": {
    "precision": 0.0,
    "recall": 0.0,
    "f1-score": 0.0,
    "support": 2.0
  },
  "FUNDapelido": {
    "precision": 0.9583333333333334,
    "recall": 0.8846153846153846,
    "f1-score": 0.92,
    "support": 26.0
  },
  "FUNDlei": {
    "precision": 0.9019607843137255,
    "recall": 0.9787234042553191,
    "f1-score": 0.9387755102040817,
    "support": 47.0
  },
  "FUNDprojetodelei": {
    "precision": 0.0,
    "recall": 0.0,
    "f1-score": 0.0,
    "support": 1.0
  },
  "LOCALconcreto": {
    "precision": 0.7307692307692307,
    "recall": 0.9047619047619048,
    "f1-score": 0.8085106382978723,
    "support": 21.0
  },
  "LOCALvirtual": {
    "precision": 1.0,
    "recall": 0.75,
    "f1-score": 0.8571428571428571,
    "support": 4.0
  },
  "ORGgovernamental": {
    "precision": 0.8409090909090909,
    "recall": 0.8809523809523809,
    "f1-score": 0.8604651162790697,
    "support": 42.0
  },
  "ORGnaogovernamental": {
    "precision": 0.75,
    "recall": 0.35294117647058826,
    "f1-score": 0.48,
    "support": 17.0
  },
  "ORGpartido": {
    "precision": 0.75,
    "recall": 1.0,
    "f1-score": 0.8571428571428571,
    "support": 3.0
  },
  "PESSOAcargo": {
    "precision": 0.9333333333333333,
    "recall": 0.9655172413793104,
    "f1-score": 0.9491525423728814,
    "support": 29.0
  },
  "PESSOAgrupocargo": {
    "precision": 0.5714285714285714,
    "recall": 0.5714285714285714,
    "f1-score": 0.5714285714285714,
    "support": 7.0
  },
  "PESSOAindividual": {
    "precision": 1.0,
    "recall": 1.0,
    "f1-score": 1.0,
    "support": 41.0
  },
  "PRODUTOoutros": {
    "precision": 0.7666666666666667,
    "recall": 0.8518518518518519,
    "f1-score": 0.8070175438596491,
    "support": 27.0
  },
  "PRODUTOprograma": {
    "precision": 0.0,
    "recall": 0.0,
    "f1-score": 0.0,
    "support": 4.0
  },
  "PRODUTOsistema": {
    "precision": 1.0,
    "recall": 0.5,
    "f1-score": 0.6666666666666666,
    "support": 2.0
  },
  "micro avg": {
    "precision": 0.8885542168674698,
    "recall": 0.8832335329341318,
    "f1-score": 0.8858858858858859,
    "support": 334.0
  },
  "macro avg": {
    "precision": 0.698228436187995,
    "recall": 0.665049494732207,
    "f1-score": 0.6687608294460277,
    "support": 334.0
  },
  "weighted avg": {
    "precision": 0.8706686165386411,
    "recall": 0.8832335329341318,
    "f1-score": 0.8712127755873759,
    "support": 334.0
  },
  "samples avg": {
    "precision": 0.9106280193236715,
    "recall": 0.9069243156199678,
    "f1-score": 0.8978989341308182,
    "support": 334.0
  }
}