{
  "DATA": {
    "precision": 0.9615384615384616,
    "recall": 0.9803921568627451,
    "f1-score": 0.970873786407767,
    "support": 51.0
  },
  "EVENTO": {
    "precision": 0.0,
    "recall": 0.0,
    "f1-score": 0.0,
    "support": 1.0
  },
  "FUNDapelido": {
    "precision": 0.9,
    "recall": 0.8181818181818182,
    "f1-score": 0.8571428571428571,
    "support": 11.0
  },
  "FUNDlei": {
    "precision": 0.85,
    "recall": 0.9444444444444444,
    "f1-score": 0.8947368421052632,
    "support": 36.0
  },
  "FUNDprojetodelei": {
    "precision": 1.0,
    "recall": 1.0,
    "f1-score": 1.0,
    "support": 2.0
  },
  "LOCALconcreto": {
    "precision": 0.8571428571428571,
    "recall": 0.8888888888888888,
    "f1-score": 0.8727272727272727,
    "support": 27.0
  },
  "LOCALvirtual": {
    "precision": 1.0,
    "recall": 0.5,
    "f1-score": 0.6666666666666666,
    "support": 6.0
  },
  "ORGgovernamental": {
    "precision": 0.9,
    "recall": 0.8571428571428571,
    "f1-score": 0.8780487804878049,
    "support": 42.0
  },
  "ORGnaogovernamental": {
    "precision": 0.6666666666666666,
    "recall": 1.0,
    "f1-score": 0.8,
    "support": 6.0
  },
  "ORGpartido": {
    "precision": 0.0,
    "recall": 0.0,
    "f1-score": 0.0,
    "support": 0.0
  },
  "PESSOAcargo": {
    "precision": 0.9230769230769231,
    "recall": 0.9230769230769231,
    "f1-score": 0.9230769230769231,
    "support": 26.0
  },
  "PESSOAgrupocargo": {
    "precision": 0.6666666666666666,
    "recall": 0.6666666666666666,
    "f1-score": 0.6666666666666666,
    "support": 9.0
  },
  "PESSOAindividual": {
    "precision": 0.9767441860465116,
    "recall": 0.9767441860465116,
    "f1-score": 0.9767441860465116,
    "support": 43.0
  },
  "PRODUTOoutros": {
    "precision": 0.896551724137931,
    "recall": 0.896551724137931,
    "f1-score": 0.896551724137931,
    "support": 29.0
  },
  "PRODUTOprograma": {
    "precision": 0.0,
    "recall": 0.0,
    "f1-score": 0.0,
    "support": 6.0
  },
  "PRODUTOsistema": {
    "precision": 1.0,
    "recall": 0.3333333333333333,
    "f1-score": 0.5,
    "support": 3.0
  },
  "micro avg": {
    "precision": 0.8945578231292517,
    "recall": 0.8825503355704698,
    "f1-score": 0.8885135135135135,
    "support": 298.0
  },
  "macro avg": {
    "precision": 0.7248992178297511,
    "recall": 0.6740889374238825,
    "f1-score": 0.6814522315916041,
    "support": 298.0
  },
  "weighted avg": {
    "precision": 0.8841654989305997,
    "recall": 0.8825503355704698,
    "f1-score": 0.8788434429371851,
    "support": 298.0
  },
  "samples avg": {
    "precision": 0.92465483234714,
    "recall": 0.9140884756269371,
    "f1-score": 0.9072948419102267,
    "support": 298.0
  }
}