{
  "DATA": {
    "precision": 0.9574468085106383,
    "recall": 0.9782608695652174,
    "f1-score": 0.967741935483871,
    "support": 46.0
  },
  "EVENTO": {
    "precision": 1.0,
    "recall": 0.14285714285714285,
    "f1-score": 0.25,
    "support": 7.0
  },
  "FUNDapelido": {
    "precision": 0.7857142857142857,
    "recall": 0.9166666666666666,
    "f1-score": 0.8461538461538461,
    "support": 12.0
  },
  "FUNDlei": {
    "precision": 0.9565217391304348,
    "recall": 0.9777777777777777,
    "f1-score": 0.967032967032967,
    "support": 45.0
  },
  "FUNDprojetodelei": {
    "precision": 0.0,
    "recall": 0.0,
    "f1-score": 0.0,
    "support": 1.0
  },
  "LOCALconcreto": {
    "precision": 0.8857142857142857,
    "recall": 0.8611111111111112,
    "f1-score": 0.8732394366197183,
    "support": 36.0
  },
  "LOCALvirtual": {
    "precision": 0.0,
    "recall": 0.0,
    "f1-score": 0.0,
    "support": 1.0
  },
  "ORGgovernamental": {
    "precision": 0.9230769230769231,
    "recall": 0.8181818181818182,
    "f1-score": 0.8674698795180723,
    "support": 44.0
  },
  "ORGnaogovernamental": {
    "precision": 0.4,
    "recall": 1.0,
    "f1-score": 0.5714285714285714,
    "support": 2.0
  },
  "ORGpartido": {
    "precision": 1.0,
    "recall": 1.0,
    "f1-score": 1.0,
    "support": 7.0
  },
  "PESSOAcargo": {
    "precision": 0.9047619047619048,
    "recall": 0.95,
    "f1-score": 0.926829268292683,
    "support": 20.0
  },
  "PESSOAgrupocargo": {
    "precision": 0.8888888888888888,
    "recall": 0.7272727272727273,
    "f1-score": 0.8,
    "support": 11.0
  },
  "PESSOAindividual": {
    "precision": 1.0,
    "recall": 1.0,
    "f1-score": 1.0,
    "support": 37.0
  },
  "PRODUTOoutros": {
    "precision": 0.6,
    "recall": 0.75,
    "f1-score": 0.6666666666666666,
    "support": 20.0
  },
  "PRODUTOprograma": {
    "precision": 1.0,
    "recall": 1.0,
    "f1-score": 1.0,
    "support": 4.0
  },
  "PRODUTOsistema": {
    "precision": 1.0,
    "recall": 1.0,
    "f1-score": 1.0,
    "support": 1.0
  },
  "micro avg": {
    "precision": 0.8938356164383562,
    "recall": 0.8877551020408163,
    "f1-score": 0.8907849829351536,
    "support": 294.0
  },
  "macro avg": {
    "precision": 0.7688828022373351,
    "recall": 0.7576330070895287,
    "f1-score": 0.7335351606997746,
    "support": 294.0
  },
  "weighted avg": {
    "precision": 0.9037031212756638,
    "recall": 0.8877551020408163,
    "f1-score": 0.8855596223188331,
    "support": 294.0
  },
  "samples avg": {
    "precision": 0.9153703703703703,
    "recall": 0.9097222222222222,
    "f1-score": 0.8988756613756613,
    "support": 294.0
  }
}