{
  "DATA": {
    "precision": 0.9508196721311475,
    "recall": 0.8787878787878788,
    "f1-score": 0.9133858267716536,
    "support": 66.0
  },
  "EVENTO": {
    "precision": 0.0,
    "recall": 0.0,
    "f1-score": 0.0,
    "support": 1.0
  },
  "FUNDapelido": {
    "precision": 0.95,
    "recall": 1.0,
    "f1-score": 0.9743589743589743,
    "support": 19.0
  },
  "FUNDlei": {
    "precision": 1.0,
    "recall": 0.9482758620689655,
    "f1-score": 0.9734513274336283,
    "support": 58.0
  },
  "FUNDprojetodelei": {
    "precision": 0.5,
    "recall": 1.0,
    "f1-score": 0.6666666666666666,
    "support": 1.0
  },
  "LOCALconcreto": {
    "precision": 0.8378378378378378,
    "recall": 0.8378378378378378,
    "f1-score": 0.8378378378378378,
    "support": 37.0
  },
  "LOCALvirtual": {
    "precision": 0.0,
    "recall": 0.0,
    "f1-score": 0.0,
    "support": 8.0
  },
  "ORGgovernamental": {
    "precision": 0.8780487804878049,
    "recall": 0.8372093023255814,
    "f1-score": 0.8571428571428571,
    "support": 43.0
  },
  "ORGnaogovernamental": {
    "precision": 0.5,
    "recall": 0.5714285714285714,
    "f1-score": 0.5333333333333333,
    "support": 7.0
  },
  "ORGpartido": {
    "precision": 1.0,
    "recall": 1.0,
    "f1-score": 1.0,
    "support": 3.0
  },
  "PESSOAcargo": {
    "precision": 1.0,
    "recall": 0.75,
    "f1-score": 0.8571428571428571,
    "support": 24.0
  },
  "PESSOAgrupocargo": {
    "precision": 0.6666666666666666,
    "recall": 0.6153846153846154,
    "f1-score": 0.64,
    "support": 13.0
  },
  "PESSOAindividual": {
    "precision": 0.9473684210526315,
    "recall": 0.972972972972973,
    "f1-score": 0.96,
    "support": 37.0
  },
  "PRODUTOoutros": {
    "precision": 0.47368421052631576,
    "recall": 0.6,
    "f1-score": 0.5294117647058824,
    "support": 15.0
  },
  "PRODUTOprograma": {
    "precision": 0.8571428571428571,
    "recall": 0.8571428571428571,
    "f1-score": 0.8571428571428571,
    "support": 7.0
  },
  "PRODUTOsistema": {
    "precision": 0.0,
    "recall": 0.0,
    "f1-score": 0.0,
    "support": 0.0
  },
  "micro avg": {
    "precision": 0.8847352024922118,
    "recall": 0.8377581120943953,
    "f1-score": 0.8606060606060606,
    "support": 339.0
  },
  "macro avg": {
    "precision": 0.6600980278653288,
    "recall": 0.6793149936218301,
    "f1-score": 0.6624921439085343,
    "support": 339.0
  },
  "weighted avg": {
    "precision": 0.8713414670358114,
    "recall": 0.8377581120943953,
    "f1-score": 0.8521127137759874,
    "support": 339.0
  },
  "samples avg": {
    "precision": 0.8905982905982905,
    "recall": 0.8688034188034187,
    "f1-score": 0.8664224664224665,
    "support": 339.0
  }
}