{
  "fold": 9,
  "report": {
    "LOCAL": {
      "precision": 0.5757575757575758,
      "recall": 0.029641185647425898,
      "f1-score": 0.05637982195845697,
      "support": 641.0
    },
    "ORGANIZACAO": {
      "precision": 0.23817567567567569,
      "recall": 0.9791666666666666,
      "f1-score": 0.38315217391304346,
      "support": 288.0
    },
    "PESSOA": {
      "precision": 0.42857142857142855,
      "recall": 0.028938906752411574,
      "f1-score": 0.05421686746987952,
      "support": 311.0
    },
    "TEMPO": {
      "precision": 0.26293469041560646,
      "recall": 0.9748427672955975,
      "f1-score": 0.4141616566466266,
      "support": 318.0
    },
    "micro avg": {
      "precision": 0.25651634257343814,
      "recall": 0.3979460847240051,
      "f1-score": 0.3119496855345912,
      "support": 1558.0
    },
    "macro avg": {
      "precision": 0.3763598426050716,
      "recall": 0.5031473815905254,
      "f1-score": 0.22697762999700163,
      "support": 1558.0
    },
    "weighted avg": {
      "precision": 0.42012461263997286,
      "recall": 0.3979460847240051,
      "f1-score": 0.18937878341404826,
      "support": 1558.0
    },
    "samples avg": {
      "precision": 0.2532894736842105,
      "recall": 0.3000959429824562,
      "f1-score": 0.2618342731829573,
      "support": 1558.0
    }
  }
}