{
  "fold": 7,
  "report": {
    "LOCAL": {
      "precision": 0.4772727272727273,
      "recall": 0.032407407407407406,
      "f1-score": 0.06069364161849711,
      "support": 648.0
    },
    "ORGANIZACAO": {
      "precision": 0.23413379073756432,
      "recall": 0.9578947368421052,
      "f1-score": 0.3762922122674018,
      "support": 285.0
    },
    "PESSOA": {
      "precision": 0.4,
      "recall": 0.04827586206896552,
      "f1-score": 0.08615384615384615,
      "support": 290.0
    },
    "TEMPO": {
      "precision": 0.25021570319240727,
      "recall": 0.9508196721311475,
      "f1-score": 0.39617486338797814,
      "support": 305.0
    },
    "micro avg": {
      "precision": 0.24875207986688852,
      "recall": 0.3913612565445026,
      "f1-score": 0.3041709053916582,
      "support": 1528.0
    },
    "macro avg": {
      "precision": 0.34040555530067473,
      "recall": 0.4973494196124064,
      "f1-score": 0.2298286408569308,
      "support": 1528.0
    },
    "weighted avg": {
      "precision": 0.3719349784729172,
      "recall": 0.3913612565445026,
      "f1-score": 0.19135517603595834,
      "support": 1528.0
    },
    "samples avg": {
      "precision": 0.24246162280701752,
      "recall": 0.27679550438596495,
      "f1-score": 0.24648339598997493,
      "support": 1528.0
    }
  }
}