{
  "fold": 1,
  "report": {
    "LOCAL": {
      "precision": 0.5114503816793893,
      "recall": 0.10929853181076672,
      "f1-score": 0.18010752688172044,
      "support": 613.0
    },
    "ORGANIZACAO": {
      "precision": 0.22297297297297297,
      "recall": 0.5978260869565217,
      "f1-score": 0.3248031496062992,
      "support": 276.0
    },
    "PESSOA": {
      "precision": 0.3409090909090909,
      "recall": 0.15570934256055363,
      "f1-score": 0.21377672209026127,
      "support": 289.0
    },
    "TEMPO": {
      "precision": 0.2809457579972184,
      "recall": 0.6273291925465838,
      "f1-score": 0.38808837656099904,
      "support": 322.0
    },
    "micro avg": {
      "precision": 0.2781649245063879,
      "recall": 0.31933333333333336,
      "f1-score": 0.2973308504034761,
      "support": 1500.0
    },
    "macro avg": {
      "precision": 0.33906955088966784,
      "recall": 0.3725407884686065,
      "f1-score": 0.27669394378482,
      "support": 1500.0
    },
    "weighted avg": {
      "precision": 0.37603125723855846,
      "recall": 0.31933333333333336,
      "f1-score": 0.2578650088043736,
      "support": 1500.0
    },
    "samples avg": {
      "precision": 0.17693782525335525,
      "recall": 0.23733223774308407,
      "f1-score": 0.18994795946316076,
      "support": 1500.0
    }
  }
}