{
  "fold": 8,
  "report": {
    "LOCAL": {
      "precision": 0.6,
      "recall": 0.05844155844155844,
      "f1-score": 0.10650887573964497,
      "support": 616.0
    },
    "ORGANIZACAO": {
      "precision": 0.214468085106383,
      "recall": 0.9921259842519685,
      "f1-score": 0.35269419174247724,
      "support": 254.0
    },
    "PESSOA": {
      "precision": 0.4186046511627907,
      "recall": 0.061855670103092786,
      "f1-score": 0.10778443113772455,
      "support": 291.0
    },
    "TEMPO": {
      "precision": 0.2639245929734362,
      "recall": 0.9625,
      "f1-score": 0.41425689307330194,
      "support": 320.0
    },
    "micro avg": {
      "precision": 0.25112474437627813,
      "recall": 0.41458474004051316,
      "f1-score": 0.3127865511971472,
      "support": 1481.0
    },
    "macro avg": {
      "precision": 0.3742493323106525,
      "recall": 0.518730803199155,
      "f1-score": 0.24531109792328717,
      "support": 1481.0
    },
    "weighted avg": {
      "precision": 0.42562101070688246,
      "recall": 0.41458474004051316,
      "f1-score": 0.21547688548463534,
      "support": 1481.0
    },
    "samples avg": {
      "precision": 0.25082236842105265,
      "recall": 0.2970120614035088,
      "f1-score": 0.25973527568922306,
      "support": 1481.0
    }
  }
}