{
  "fold": 2,
  "report": {
    "LOCAL": {
      "precision": 0.4583333333333333,
      "recall": 0.09090909090909091,
      "f1-score": 0.15172413793103448,
      "support": 605.0
    },
    "ORGANIZACAO": {
      "precision": 0.2235142118863049,
      "recall": 0.5884353741496599,
      "f1-score": 0.32397003745318353,
      "support": 294.0
    },
    "PESSOA": {
      "precision": 0.3728813559322034,
      "recall": 0.14012738853503184,
      "f1-score": 0.2037037037037037,
      "support": 314.0
    },
    "TEMPO": {
      "precision": 0.2637215528781794,
      "recall": 0.6293929712460063,
      "f1-score": 0.37169811320754714,
      "support": 313.0
    },
    "micro avg": {
      "precision": 0.26662876634451393,
      "recall": 0.3073394495412844,
      "f1-score": 0.28554033485540337,
      "support": 1526.0
    },
    "macro avg": {
      "precision": 0.3296126135075052,
      "recall": 0.3622162062099472,
      "f1-score": 0.2627739980738672,
      "support": 1526.0
    },
    "weighted avg": {
      "precision": 0.3555926846492937,
      "recall": 0.3073394495412844,
      "f1-score": 0.24072396255336634,
      "support": 1526.0
    },
    "samples avg": {
      "precision": 0.17817036428375785,
      "recall": 0.2422623938646946,
      "f1-score": 0.1921430527839731,
      "support": 1526.0
    }
  }
}