{
  "fold": 5,
  "report": {
    "LOCAL": {
      "precision": 0.6808510638297872,
      "recall": 0.050393700787401574,
      "f1-score": 0.093841642228739,
      "support": 635.0
    },
    "ORGANIZACAO": {
      "precision": 0.24085106382978724,
      "recall": 0.9826388888888888,
      "f1-score": 0.3868762816131237,
      "support": 288.0
    },
    "PESSOA": {
      "precision": 0.2647058823529412,
      "recall": 0.030927835051546393,
      "f1-score": 0.055384615384615386,
      "support": 291.0
    },
    "TEMPO": {
      "precision": 0.2606112054329372,
      "recall": 0.9777070063694268,
      "f1-score": 0.41152815013404825,
      "support": 314.0
    },
    "micro avg": {
      "precision": 0.2592440427280197,
      "recall": 0.4129581151832461,
      "f1-score": 0.31852599697122663,
      "support": 1528.0
    },
    "macro avg": {
      "precision": 0.3617548038613632,
      "recall": 0.5104168577743159,
      "f1-score": 0.2369076723401316,
      "support": 1528.0
    },
    "weighted avg": {
      "precision": 0.4323081558805902,
      "recall": 0.4129581151832461,
      "f1-score": 0.2070330982584052,
      "support": 1528.0
    },
    "samples avg": {
      "precision": 0.2595864146809093,
      "recall": 0.30368392221309226,
      "f1-score": 0.2674374926634582,
      "support": 1528.0
    }
  }
}