{
  "fold": 0,
  "report": {
    "LOCAL": {
      "precision": 0.8846153846153846,
      "recall": 0.0700152207001522,
      "f1-score": 0.12976022566995768,
      "support": 657.0
    },
    "ORGANIZACAO": {
      "precision": 0.925,
      "recall": 0.13454545454545455,
      "f1-score": 0.23492063492063492,
      "support": 275.0
    },
    "PESSOA": {
      "precision": 0.9803921568627451,
      "recall": 0.16556291390728478,
      "f1-score": 0.28328611898017,
      "support": 302.0
    },
    "TEMPO": {
      "precision": 0.9047619047619048,
      "recall": 0.18688524590163935,
      "f1-score": 0.30978260869565216,
      "support": 305.0
    },
    "micro avg": {
      "precision": 0.9223300970873787,
      "recall": 0.12345679012345678,
      "f1-score": 0.2177650429799427,
      "support": 1539.0
    },
    "macro avg": {
      "precision": 0.9236923615600086,
      "recall": 0.13925220876363273,
      "f1-score": 0.23943739706660366,
      "support": 1539.0
    },
    "weighted avg": {
      "precision": 0.9146186614796865,
      "recall": 0.12345679012345678,
      "f1-score": 0.21435461108026124,
      "support": 1539.0
    },
    "samples avg": {
      "precision": 0.06265406737880033,
      "recall": 0.06320186250342372,
      "f1-score": 0.06219822357866729,
      "support": 1539.0
    }
  }
}