{
  "fold": 4,
  "report": {
    "LOCAL": {
      "precision": 0.5348837209302325,
      "recall": 0.03639240506329114,
      "f1-score": 0.06814814814814815,
      "support": 632.0
    },
    "ORGANIZACAO": {
      "precision": 0.2227891156462585,
      "recall": 0.9703703703703703,
      "f1-score": 0.3623789764868603,
      "support": 270.0
    },
    "PESSOA": {
      "precision": 0.4117647058823529,
      "recall": 0.04472843450479233,
      "f1-score": 0.08069164265129683,
      "support": 313.0
    },
    "TEMPO": {
      "precision": 0.2551194539249147,
      "recall": 0.9583333333333334,
      "f1-score": 0.4029649595687331,
      "support": 312.0
    },
    "micro avg": {
      "precision": 0.2465979381443299,
      "recall": 0.39161755075311067,
      "f1-score": 0.3026315789473684,
      "support": 1527.0
    },
    "macro avg": {
      "precision": 0.35613924909593964,
      "recall": 0.5024561358179468,
      "f1-score": 0.2285459317137596,
      "support": 1527.0
    },
    "weighted avg": {
      "precision": 0.3973013722450207,
      "recall": 0.39161755075311067,
      "f1-score": 0.1911548820015603,
      "support": 1527.0
    },
    "samples avg": {
      "precision": 0.24274171459874003,
      "recall": 0.2955354697343193,
      "f1-score": 0.25467386625973315,
      "support": 1527.0
    }
  }
}