{
  "fold": 6,
  "report": {
    "LOCAL": {
      "precision": 0.7317073170731707,
      "recall": 0.04709576138147567,
      "f1-score": 0.08849557522123894,
      "support": 637.0
    },
    "ORGANIZACAO": {
      "precision": 0.21311475409836064,
      "recall": 0.9427480916030534,
      "f1-score": 0.34764250527797325,
      "support": 262.0
    },
    "PESSOA": {
      "precision": 0.25806451612903225,
      "recall": 0.026402640264026403,
      "f1-score": 0.04790419161676647,
      "support": 303.0
    },
    "TEMPO": {
      "precision": 0.24870017331022531,
      "recall": 0.944078947368421,
      "f1-score": 0.3936899862825789,
      "support": 304.0
    },
    "micro avg": {
      "precision": 0.239832285115304,
      "recall": 0.3798140770252324,
      "f1-score": 0.294011822153688,
      "support": 1506.0
    },
    "macro avg": {
      "precision": 0.3628966901526972,
      "recall": 0.49008136015424414,
      "f1-score": 0.2194330645996394,
      "support": 1506.0
    },
    "weighted avg": {
      "precision": 0.44869324543345646,
      "recall": 0.3798140770252324,
      "f1-score": 0.18701908611456997,
      "support": 1506.0
    },
    "samples avg": {
      "precision": 0.23390851821418787,
      "recall": 0.28375787455491647,
      "f1-score": 0.24426184606956997,
      "support": 1506.0
    }
  }
}