{
  "fold": 3,
  "report": {
    "LOCAL": {
      "precision": 0.464,
      "recall": 0.09177215189873418,
      "f1-score": 0.15323645970937913,
      "support": 632.0
    },
    "ORGANIZACAO": {
      "precision": 0.1997264021887825,
      "recall": 0.6033057851239669,
      "f1-score": 0.3001027749229188,
      "support": 242.0
    },
    "PESSOA": {
      "precision": 0.3448275862068966,
      "recall": 0.13245033112582782,
      "f1-score": 0.19138755980861244,
      "support": 302.0
    },
    "TEMPO": {
      "precision": 0.30416068866571017,
      "recall": 0.6347305389221557,
      "f1-score": 0.41125121241513096,
      "support": 334.0
    },
    "micro avg": {
      "precision": 0.2732174955062912,
      "recall": 0.3019867549668874,
      "f1-score": 0.2868826675055049,
      "support": 1510.0
    },
    "macro avg": {
      "precision": 0.32817866926534733,
      "recall": 0.3655647017676712,
      "f1-score": 0.26399450171401034,
      "support": 1510.0
    },
    "weighted avg": {
      "precision": 0.36245654991954657,
      "recall": 0.3019867549668874,
      "f1-score": 0.2414750079977011,
      "support": 1510.0
    },
    "samples avg": {
      "precision": 0.18084086551629688,
      "recall": 0.24000273897562316,
      "f1-score": 0.19418554603435456,
      "support": 1510.0
    }
  }
}