{
  "fold": 4,
  "report": {
    "LOCAL": {
      "precision": 0.9427792915531336,
      "recall": 0.5474683544303798,
      "f1-score": 0.6926926926926927,
      "support": 632.0
    },
    "ORGANIZACAO": {
      "precision": 0.9067796610169492,
      "recall": 0.3962962962962963,
      "f1-score": 0.5515463917525774,
      "support": 270.0
    },
    "PESSOA": {
      "precision": 0.9487179487179487,
      "recall": 0.5910543130990416,
      "f1-score": 0.7283464566929134,
      "support": 313.0
    },
    "TEMPO": {
      "precision": 0.8245614035087719,
      "recall": 0.30128205128205127,
      "f1-score": 0.4413145539906103,
      "support": 312.0
    },
    "micro avg": {
      "precision": 0.9219143576826196,
      "recall": 0.4793713163064833,
      "f1-score": 0.6307626023265833,
      "support": 1527.0
    },
    "macro avg": {
      "precision": 0.9057095761992008,
      "recall": 0.45902525377694225,
      "f1-score": 0.6034750237821985,
      "support": 1527.0
    },
    "weighted avg": {
      "precision": 0.913476684073092,
      "recall": 0.4793713163064833,
      "f1-score": 0.6236816564144926,
      "support": 1527.0
    },
    "samples avg": {
      "precision": 0.4849356340728567,
      "recall": 0.4728156669405642,
      "f1-score": 0.47364322886097737,
      "support": 1527.0
    }
  }
}