{
  "fold": 3,
  "report": {
    "LOCAL": {
      "precision": 0.9423631123919308,
      "recall": 0.5174050632911392,
      "f1-score": 0.6680286006128703,
      "support": 632.0
    },
    "ORGANIZACAO": {
      "precision": 0.8631578947368421,
      "recall": 0.33884297520661155,
      "f1-score": 0.486646884272997,
      "support": 242.0
    },
    "PESSOA": {
      "precision": 0.9619565217391305,
      "recall": 0.5860927152317881,
      "f1-score": 0.7283950617283951,
      "support": 302.0
    },
    "TEMPO": {
      "precision": 0.8512396694214877,
      "recall": 0.3083832335329341,
      "f1-score": 0.45274725274725275,
      "support": 334.0
    },
    "micro avg": {
      "precision": 0.9223560910307899,
      "recall": 0.4562913907284768,
      "f1-score": 0.6105449712007089,
      "support": 1510.0
    },
    "macro avg": {
      "precision": 0.9046792995723477,
      "recall": 0.4376809968156183,
      "f1-score": 0.5839544498403788,
      "support": 1510.0
    },
    "weighted avg": {
      "precision": 0.9134321964966956,
      "recall": 0.4562913907284768,
      "f1-score": 0.6034142467820908,
      "support": 1510.0
    },
    "samples avg": {
      "precision": 0.4494658997534922,
      "recall": 0.4383730484798685,
      "f1-score": 0.43958993622099624,
      "support": 1510.0
    }
  }
}