{
  "fold": 0,
  "report": {
    "LOCAL": {
      "precision": 0.9434447300771208,
      "recall": 0.558599695585997,
      "f1-score": 0.7017208413001912,
      "support": 657.0
    },
    "ORGANIZACAO": {
      "precision": 0.9166666666666666,
      "recall": 0.4,
      "f1-score": 0.5569620253164557,
      "support": 275.0
    },
    "PESSOA": {
      "precision": 0.9585798816568047,
      "recall": 0.5364238410596026,
      "f1-score": 0.6878980891719745,
      "support": 302.0
    },
    "TEMPO": {
      "precision": 0.8773584905660378,
      "recall": 0.30491803278688523,
      "f1-score": 0.45255474452554745,
      "support": 305.0
    },
    "micro avg": {
      "precision": 0.9336734693877551,
      "recall": 0.4756335282651072,
      "f1-score": 0.6302195436934998,
      "support": 1539.0
    },
    "macro avg": {
      "precision": 0.9240124422416575,
      "recall": 0.44998539235812124,
      "f1-score": 0.5997839250785422,
      "support": 1539.0
    },
    "weighted avg": {
      "precision": 0.9285328036887578,
      "recall": 0.4756335282651072,
      "f1-score": 0.6237619036429364,
      "support": 1539.0
    },
    "samples avg": {
      "precision": 0.46809093399068746,
      "recall": 0.45960010955902486,
      "f1-score": 0.4592440427280198,
      "support": 1539.0
    }
  }
}