{
  "fold": 7,
  "report": {
    "LOCAL": {
      "precision": 0.937125748502994,
      "recall": 0.48302469135802467,
      "f1-score": 0.6374745417515275,
      "support": 648.0
    },
    "ORGANIZACAO": {
      "precision": 0.8279569892473119,
      "recall": 0.27017543859649124,
      "f1-score": 0.4074074074074074,
      "support": 285.0
    },
    "PESSOA": {
      "precision": 0.9398496240601504,
      "recall": 0.43103448275862066,
      "f1-score": 0.5910165484633569,
      "support": 290.0
    },
    "TEMPO": {
      "precision": 0.7391304347826086,
      "recall": 0.2786885245901639,
      "f1-score": 0.40476190476190477,
      "support": 305.0
    },
    "micro avg": {
      "precision": 0.8888888888888888,
      "recall": 0.39267015706806285,
      "f1-score": 0.5447117566954154,
      "support": 1528.0
    },
    "macro avg": {
      "precision": 0.8610156991482663,
      "recall": 0.3657307843258252,
      "f1-score": 0.5101651005960491,
      "support": 1528.0
    },
    "weighted avg": {
      "precision": 0.8777594244447404,
      "recall": 0.39267015706806285,
      "f1-score": 0.5392943679141724,
      "support": 1528.0
    },
    "samples avg": {
      "precision": 0.3855537280701754,
      "recall": 0.3847998903508772,
      "f1-score": 0.38068609022556393,
      "support": 1528.0
    }
  }
}