{
  "fold": 2,
  "report": {
    "LOCAL": {
      "precision": 0.9596541786743515,
      "recall": 0.5504132231404959,
      "f1-score": 0.6995798319327731,
      "support": 605.0
    },
    "ORGANIZACAO": {
      "precision": 0.8934426229508197,
      "recall": 0.3707482993197279,
      "f1-score": 0.5240384615384616,
      "support": 294.0
    },
    "PESSOA": {
      "precision": 0.9226519337016574,
      "recall": 0.5318471337579618,
      "f1-score": 0.6747474747474748,
      "support": 314.0
    },
    "TEMPO": {
      "precision": 0.8135593220338984,
      "recall": 0.30670926517571884,
      "f1-score": 0.44547563805104406,
      "support": 313.0
    },
    "micro avg": {
      "precision": 0.91796875,
      "recall": 0.4619921363040629,
      "f1-score": 0.6146469049694856,
      "support": 1526.0
    },
    "macro avg": {
      "precision": 0.8973270143401818,
      "recall": 0.4399294803484761,
      "f1-score": 0.5859603515674383,
      "support": 1526.0
    },
    "weighted avg": {
      "precision": 0.9093182727552126,
      "recall": 0.4619921363040629,
      "f1-score": 0.6085305948835645,
      "support": 1526.0
    },
    "samples avg": {
      "precision": 0.4542591070939468,
      "recall": 0.44535743631881675,
      "f1-score": 0.44489181046288695,
      "support": 1526.0
    }
  }
}