{
  "fold": 8,
  "report": {
    "LOCAL": {
      "precision": 0.940625,
      "recall": 0.48863636363636365,
      "f1-score": 0.6431623931623932,
      "support": 616.0
    },
    "ORGANIZACAO": {
      "precision": 0.7972972972972973,
      "recall": 0.23228346456692914,
      "f1-score": 0.3597560975609756,
      "support": 254.0
    },
    "PESSOA": {
      "precision": 0.9496402877697842,
      "recall": 0.4536082474226804,
      "f1-score": 0.6139534883720931,
      "support": 291.0
    },
    "TEMPO": {
      "precision": 0.8217821782178217,
      "recall": 0.259375,
      "f1-score": 0.39429928741092635,
      "support": 320.0
    },
    "micro avg": {
      "precision": 0.9069400630914827,
      "recall": 0.38825118163403105,
      "f1-score": 0.5437352245862884,
      "support": 1481.0
    },
    "macro avg": {
      "precision": 0.8773361908212257,
      "recall": 0.35847576890649335,
      "f1-score": 0.502792816626597,
      "support": 1481.0
    },
    "weighted avg": {
      "precision": 0.8921364849994758,
      "recall": 0.38825118163403105,
      "f1-score": 0.5350454558111395,
      "support": 1481.0
    },
    "samples avg": {
      "precision": 0.37801535087719296,
      "recall": 0.3725328947368421,
      "f1-score": 0.3711348684210526,
      "support": 1481.0
    }
  }
}