{
  "fold": 1,
  "report": {
    "LOCAL": {
      "precision": 0.9505494505494505,
      "recall": 0.564437194127243,
      "f1-score": 0.7082906857727738,
      "support": 613.0
    },
    "ORGANIZACAO": {
      "precision": 0.8571428571428571,
      "recall": 0.34782608695652173,
      "f1-score": 0.4948453608247423,
      "support": 276.0
    },
    "PESSOA": {
      "precision": 0.9290322580645162,
      "recall": 0.4982698961937716,
      "f1-score": 0.6486486486486487,
      "support": 289.0
    },
    "TEMPO": {
      "precision": 0.8345864661654135,
      "recall": 0.3447204968944099,
      "f1-score": 0.4879120879120879,
      "support": 322.0
    },
    "micro avg": {
      "precision": 0.912303664921466,
      "recall": 0.4646666666666667,
      "f1-score": 0.6157243816254417,
      "support": 1500.0
    },
    "macro avg": {
      "precision": 0.8928277579805594,
      "recall": 0.43881341854298656,
      "f1-score": 0.5849241957895631,
      "support": 1500.0
    },
    "weighted avg": {
      "precision": 0.9043236042960999,
      "recall": 0.4646666666666667,
      "f1-score": 0.6102177744889941,
      "support": 1500.0
    },
    "samples avg": {
      "precision": 0.42810188989317993,
      "recall": 0.42029580936729666,
      "f1-score": 0.4196110654615174,
      "support": 1500.0
    }
  }
}