{
  "fold": 6,
  "report": {
    "LOCAL": {
      "precision": 0.5,
      "recall": 0.5,
      "f1-score": 0.5,
      "support": 8.0
    },
    "ORGANIZACAO": {
      "precision": 1.0,
      "recall": 0.2692307692307692,
      "f1-score": 0.42424242424242425,
      "support": 26.0
    },
    "PESSOA": {
      "precision": 1.0,
      "recall": 0.5,
      "f1-score": 0.6666666666666666,
      "support": 6.0
    },
    "TEMPO": {
      "precision": 0.6666666666666666,
      "recall": 0.2857142857142857,
      "f1-score": 0.4,
      "support": 7.0
    },
    "micro avg": {
      "precision": 0.7619047619047619,
      "recall": 0.3404255319148936,
      "f1-score": 0.47058823529411764,
      "support": 47.0
    },
    "macro avg": {
      "precision": 0.7916666666666666,
      "recall": 0.3887362637362637,
      "f1-score": 0.4977272727272727,
      "support": 47.0
    },
    "weighted avg": {
      "precision": 0.8652482269503545,
      "recall": 0.3404255319148936,
      "f1-score": 0.464474532559639,
      "support": 47.0
    },
    "samples avg": {
      "precision": 0.34615384615384615,
      "recall": 0.32051282051282054,
      "f1-score": 0.3205128205128205,
      "support": 47.0
    }
  }
}