{
  "fold": 9,
  "report": {
    "LOCAL": {
      "precision": 0.9622093023255814,
      "recall": 0.516380655226209,
      "f1-score": 0.6720812182741117,
      "support": 641.0
    },
    "ORGANIZACAO": {
      "precision": 0.9,
      "recall": 0.28125,
      "f1-score": 0.42857142857142855,
      "support": 288.0
    },
    "PESSOA": {
      "precision": 0.9803921568627451,
      "recall": 0.4854368932038835,
      "f1-score": 0.6493506493506493,
      "support": 309.0
    },
    "TEMPO": {
      "precision": 0.8429752066115702,
      "recall": 0.32075471698113206,
      "f1-score": 0.4646924829157175,
      "support": 318.0
    },
    "micro avg": {
      "precision": 0.9378531073446328,
      "recall": 0.4267352185089974,
      "f1-score": 0.5865724381625441,
      "support": 1556.0
    },
    "macro avg": {
      "precision": 0.9213941664499742,
      "recall": 0.4009555663528061,
      "f1-score": 0.5536739447779768,
      "support": 1556.0
    },
    "weighted avg": {
      "precision": 0.9299379530615458,
      "recall": 0.4267352185089974,
      "f1-score": 0.5801119489452607,
      "support": 1556.0
    },
    "samples avg": {
      "precision": 0.43588687534321796,
      "recall": 0.42517847336628223,
      "f1-score": 0.4263316858868753,
      "support": 1556.0
    }
  }
}