{
  "fold": 2,
  "report": {
    "DATA": {
      "precision": 0.75,
      "recall": 0.17647058823529413,
      "f1-score": 0.2857142857142857,
      "support": 51.0
    },
    "EVENTO": {
      "precision": 0.0,
      "recall": 0.0,
      "f1-score": 0.0,
      "support": 1.0
    },
    "FUNDapelido": {
      "precision": 0.0,
      "recall": 0.0,
      "f1-score": 0.0,
      "support": 11.0
    },
    "FUNDlei": {
      "precision": 0.75,
      "recall": 0.08333333333333333,
      "f1-score": 0.15,
      "support": 36.0
    },
    "FUNDprojetodelei": {
      "precision": 0.0,
      "recall": 0.0,
      "f1-score": 0.0,
      "support": 2.0
    },
    "LOCALconcreto": {
      "precision": 0.6,
      "recall": 0.2222222222222222,
      "f1-score": 0.32432432432432434,
      "support": 27.0
    },
    "LOCALvirtual": {
      "precision": 0.0,
      "recall": 0.0,
      "f1-score": 0.0,
      "support": 6.0
    },
    "ORGgovernamental": {
      "precision": 0.7142857142857143,
      "recall": 0.11904761904761904,
      "f1-score": 0.20408163265306123,
      "support": 42.0
    },
    "ORGnaogovernamental": {
      "precision": 0.5,
      "recall": 0.16666666666666666,
      "f1-score": 0.25,
      "support": 6.0
    },
    "ORGpartido": {
      "precision": 0.0,
      "recall": 0.0,
      "f1-score": 0.0,
      "support": 0.0
    },
    "PESSOAcargo": {
      "precision": 1.0,
      "recall": 0.19230769230769232,
      "f1-score": 0.3225806451612903,
      "support": 26.0
    },
    "PESSOAgrupocargo": {
      "precision": 0.0,
      "recall": 0.0,
      "f1-score": 0.0,
      "support": 9.0
    },
    "PESSOAindividual": {
      "precision": 1.0,
      "recall": 0.27906976744186046,
      "f1-score": 0.43636363636363634,
      "support": 43.0
    },
    "PRODUTOoutros": {
      "precision": 0.0,
      "recall": 0.0,
      "f1-score": 0.0,
      "support": 29.0
    },
    "PRODUTOprograma": {
      "precision": 0.0,
      "recall": 0.0,
      "f1-score": 0.0,
      "support": 6.0
    },
    "PRODUTOsistema": {
      "precision": 0.5,
      "recall": 0.3333333333333333,
      "f1-score": 0.4,
      "support": 3.0
    },
    "micro avg": {
      "precision": 0.56,
      "recall": 0.14093959731543623,
      "f1-score": 0.225201072386059,
      "support": 298.0
    },
    "macro avg": {
      "precision": 0.3633928571428572,
      "recall": 0.09827820141175134,
      "f1-score": 0.14831653276353737,
      "support": 298.0
    },
    "weighted avg": {
      "precision": 0.6206375838926174,
      "recall": 0.14093959731543623,
      "f1-score": 0.22533673502497922,
      "support": 298.0
    },
    "samples avg": {
      "precision": 0.07553846153846154,
      "recall": 0.07964102564102564,
      "f1-score": 0.07422710622710621,
      "support": 298.0
    }
  }
}