{
  "fold": 4,
  "report": {
    "DATA": {
      "precision": 0.8,
      "recall": 0.16326530612244897,
      "f1-score": 0.2711864406779661,
      "support": 49.0
    },
    "EVENTO": {
      "precision": 1.0,
      "recall": 0.5,
      "f1-score": 0.6666666666666666,
      "support": 2.0
    },
    "FUNDapelido": {
      "precision": 0.0,
      "recall": 0.0,
      "f1-score": 0.0,
      "support": 18.0
    },
    "FUNDlei": {
      "precision": 0.0,
      "recall": 0.0,
      "f1-score": 0.0,
      "support": 44.0
    },
    "FUNDprojetodelei": {
      "precision": 0.0,
      "recall": 0.0,
      "f1-score": 0.0,
      "support": 1.0
    },
    "LOCALconcreto": {
      "precision": 0.4444444444444444,
      "recall": 0.18181818181818182,
      "f1-score": 0.25806451612903225,
      "support": 22.0
    },
    "LOCALvirtual": {
      "precision": 0.0,
      "recall": 0.0,
      "f1-score": 0.0,
      "support": 7.0
    },
    "ORGgovernamental": {
      "precision": 0.42857142857142855,
      "recall": 0.06976744186046512,
      "f1-score": 0.12,
      "support": 43.0
    },
    "ORGnaogovernamental": {
      "precision": 1.0,
      "recall": 0.2,
      "f1-score": 0.3333333333333333,
      "support": 10.0
    },
    "ORGpartido": {
      "precision": 0.0,
      "recall": 0.0,
      "f1-score": 0.0,
      "support": 3.0
    },
    "PESSOAcargo": {
      "precision": 1.0,
      "recall": 0.047619047619047616,
      "f1-score": 0.09090909090909091,
      "support": 21.0
    },
    "PESSOAgrupocargo": {
      "precision": 0.0,
      "recall": 0.0,
      "f1-score": 0.0,
      "support": 22.0
    },
    "PESSOAindividual": {
      "precision": 1.0,
      "recall": 0.08571428571428572,
      "f1-score": 0.15789473684210525,
      "support": 35.0
    },
    "PRODUTOoutros": {
      "precision": 1.0,
      "recall": 0.03225806451612903,
      "f1-score": 0.0625,
      "support": 31.0
    },
    "PRODUTOprograma": {
      "precision": 0.0,
      "recall": 0.0,
      "f1-score": 0.0,
      "support": 1.0
    },
    "PRODUTOsistema": {
      "precision": 0.0,
      "recall": 0.0,
      "f1-score": 0.0,
      "support": 1.0
    },
    "micro avg": {
      "precision": 0.2948717948717949,
      "recall": 0.07419354838709677,
      "f1-score": 0.11855670103092783,
      "support": 310.0
    },
    "macro avg": {
      "precision": 0.417063492063492,
      "recall": 0.0800276454781599,
      "f1-score": 0.12253467403488714,
      "support": 310.0
    },
    "weighted avg": {
      "precision": 0.536794674859191,
      "recall": 0.07419354838709677,
      "f1-score": 0.12311331713964616,
      "support": 310.0
    },
    "samples avg": {
      "precision": 0.02572347266881029,
      "recall": 0.03014469453376206,
      "f1-score": 0.026795284030010715,
      "support": 310.0
    }
  }
}