{
  "fold": 8,
  "report": {
    "DATA": {
      "precision": 0.9333333333333333,
      "recall": 0.2153846153846154,
      "f1-score": 0.35,
      "support": 65.0
    },
    "EVENTO": {
      "precision": 0.0,
      "recall": 0.0,
      "f1-score": 0.0,
      "support": 2.0
    },
    "FUNDapelido": {
      "precision": 0.0,
      "recall": 0.0,
      "f1-score": 0.0,
      "support": 16.0
    },
    "FUNDlei": {
      "precision": 0.6666666666666666,
      "recall": 0.041666666666666664,
      "f1-score": 0.0784313725490196,
      "support": 48.0
    },
    "FUNDprojetodelei": {
      "precision": 0.0,
      "recall": 0.0,
      "f1-score": 0.0,
      "support": 1.0
    },
    "LOCALconcreto": {
      "precision": 0.35714285714285715,
      "recall": 0.14285714285714285,
      "f1-score": 0.20408163265306123,
      "support": 35.0
    },
    "LOCALvirtual": {
      "precision": 0.0,
      "recall": 0.0,
      "f1-score": 0.0,
      "support": 6.0
    },
    "ORGgovernamental": {
      "precision": 0.6666666666666666,
      "recall": 0.08333333333333333,
      "f1-score": 0.14814814814814814,
      "support": 24.0
    },
    "ORGnaogovernamental": {
      "precision": 0.75,
      "recall": 0.23076923076923078,
      "f1-score": 0.35294117647058826,
      "support": 13.0
    },
    "ORGpartido": {
      "precision": 0.0,
      "recall": 0.0,
      "f1-score": 0.0,
      "support": 3.0
    },
    "PESSOAcargo": {
      "precision": 1.0,
      "recall": 0.12121212121212122,
      "f1-score": 0.21621621621621623,
      "support": 33.0
    },
    "PESSOAgrupocargo": {
      "precision": 0.0,
      "recall": 0.0,
      "f1-score": 0.0,
      "support": 8.0
    },
    "PESSOAindividual": {
      "precision": 1.0,
      "recall": 0.19444444444444445,
      "f1-score": 0.32558139534883723,
      "support": 36.0
    },
    "PRODUTOoutros": {
      "precision": 0.0,
      "recall": 0.0,
      "f1-score": 0.0,
      "support": 28.0
    },
    "PRODUTOprograma": {
      "precision": 0.0,
      "recall": 0.0,
      "f1-score": 0.0,
      "support": 3.0
    },
    "PRODUTOsistema": {
      "precision": 0.0,
      "recall": 0.0,
      "f1-score": 0.0,
      "support": 1.0
    },
    "micro avg": {
      "precision": 0.13214285714285715,
      "recall": 0.11490683229813664,
      "f1-score": 0.12292358803986711,
      "support": 322.0
    },
    "macro avg": {
      "precision": 0.3358630952380952,
      "recall": 0.06435422216672217,
      "f1-score": 0.10471249633661692,
      "support": 322.0
    },
    "weighted avg": {
      "precision": 0.6208592132505175,
      "recall": 0.11490683229813664,
      "f1-score": 0.18837707839309492,
      "support": 322.0
    },
    "samples avg": {
      "precision": 0.013793103448275862,
      "recall": 0.01650992685475444,
      "f1-score": 0.014566353187042838,
      "support": 322.0
    }
  }
}