{
  "fold": 1,
  "report": {
    "DATA": {
      "precision": 0.9166666666666666,
      "recall": 0.20754716981132076,
      "f1-score": 0.3384615384615385,
      "support": 53.0
    },
    "EVENTO": {
      "precision": 0.0,
      "recall": 0.0,
      "f1-score": 0.0,
      "support": 4.0
    },
    "FUNDapelido": {
      "precision": 0.007692307692307693,
      "recall": 0.058823529411764705,
      "f1-score": 0.013605442176870748,
      "support": 17.0
    },
    "FUNDlei": {
      "precision": 0.0,
      "recall": 0.0,
      "f1-score": 0.0,
      "support": 49.0
    },
    "FUNDprojetodelei": {
      "precision": 0.0,
      "recall": 0.0,
      "f1-score": 0.0,
      "support": 2.0
    },
    "LOCALconcreto": {
      "precision": 0.6111111111111112,
      "recall": 0.2682926829268293,
      "f1-score": 0.3728813559322034,
      "support": 41.0
    },
    "LOCALvirtual": {
      "precision": 0.0,
      "recall": 0.0,
      "f1-score": 0.0,
      "support": 2.0
    },
    "ORGgovernamental": {
      "precision": 1.0,
      "recall": 0.09375,
      "f1-score": 0.17142857142857143,
      "support": 32.0
    },
    "ORGnaogovernamental": {
      "precision": 1.0,
      "recall": 0.09090909090909091,
      "f1-score": 0.16666666666666666,
      "support": 11.0
    },
    "ORGpartido": {
      "precision": 1.0,
      "recall": 0.2,
      "f1-score": 0.3333333333333333,
      "support": 5.0
    },
    "PESSOAcargo": {
      "precision": 1.0,
      "recall": 0.20833333333333334,
      "f1-score": 0.3448275862068966,
      "support": 24.0
    },
    "PESSOAgrupocargo": {
      "precision": 0.0,
      "recall": 0.0,
      "f1-score": 0.0,
      "support": 11.0
    },
    "PESSOAindividual": {
      "precision": 1.0,
      "recall": 0.18421052631578946,
      "f1-score": 0.3111111111111111,
      "support": 38.0
    },
    "PRODUTOoutros": {
      "precision": 1.0,
      "recall": 0.07142857142857142,
      "f1-score": 0.13333333333333333,
      "support": 14.0
    },
    "PRODUTOprograma": {
      "precision": 0.029411764705882353,
      "recall": 0.3333333333333333,
      "f1-score": 0.05405405405405406,
      "support": 12.0
    },
    "PRODUTOsistema": {
      "precision": 1.0,
      "recall": 0.3333333333333333,
      "f1-score": 0.5,
      "support": 6.0
    },
    "micro avg": {
      "precision": 0.14641744548286603,
      "recall": 0.14641744548286603,
      "f1-score": 0.14641744548286603,
      "support": 321.0
    },
    "macro avg": {
      "precision": 0.5353051156359979,
      "recall": 0.1281225981752104,
      "f1-score": 0.1712314370440362,
      "support": 321.0
    },
    "weighted avg": {
      "precision": 0.6358959479630178,
      "recall": 0.14641744548286603,
      "f1-score": 0.21201558735484743,
      "support": 321.0
    },
    "samples avg": {
      "precision": 0.014747779453661807,
      "recall": 0.015669515669515667,
      "f1-score": 0.014781297134238312,
      "support": 321.0
    }
  }
}