{
  "fold": 9,
  "report": {
    "LOCAL": {
      "precision": 0.0,
      "recall": 0.0,
      "f1-score": 0.0,
      "support": 13.0
    },
    "ORGANIZACAO": {
      "precision": 0.0,
      "recall": 0.0,
      "f1-score": 0.0,
      "support": 12.0
    },
    "PESSOA": {
      "precision": 1.0,
      "recall": 0.13333333333333333,
      "f1-score": 0.23529411764705882,
      "support": 15.0
    },
    "TEMPO": {
      "precision": 0.0,
      "recall": 0.0,
      "f1-score": 0.0,
      "support": 13.0
    },
    "ABSTRACAO": {
      "precision": 0.0,
      "recall": 0.0,
      "f1-score": 0.0,
      "support": 0.0
    },
    "ACONTECIMENTO": {
      "precision": 0.0,
      "recall": 0.0,
      "f1-score": 0.0,
      "support": 3.0
    },
    "COISA": {
      "precision": 0.0,
      "recall": 0.0,
      "f1-score": 0.0,
      "support": 6.0
    },
    "OBRA": {
      "precision": 0.0,
      "recall": 0.0,
      "f1-score": 0.0,
      "support": 7.0
    },
    "OUTRO": {
      "precision": 0.0,
      "recall": 0.0,
      "f1-score": 0.0,
      "support": 1.0
    },
    "VALOR": {
      "precision": 0.0,
      "recall": 0.0,
      "f1-score": 0.0,
      "support": 9.0
    },
    "micro avg": {
      "precision": 1.0,
      "recall": 0.02531645569620253,
      "f1-score": 0.04938271604938271,
      "support": 79.0
    },
    "macro avg": {
      "precision": 0.1,
      "recall": 0.013333333333333332,
      "f1-score": 0.023529411764705882,
      "support": 79.0
    },
    "weighted avg": {
      "precision": 0.189873417721519,
      "recall": 0.02531645569620253,
      "f1-score": 0.044676098287416234,
      "support": 79.0
    },
    "samples avg": {
      "precision": 0.09090909090909091,
      "recall": 0.056818181818181816,
      "f1-score": 0.06363636363636363,
      "support": 79.0
    }
  }
}