{
  "fold": 1,
  "report": {
    "LOCAL": {
      "precision": 1.0,
      "recall": 0.09090909090909091,
      "f1-score": 0.16666666666666666,
      "support": 11.0
    },
    "ORGANIZACAO": {
      "precision": 0.0,
      "recall": 0.0,
      "f1-score": 0.0,
      "support": 8.0
    },
    "PESSOA": {
      "precision": 1.0,
      "recall": 0.09090909090909091,
      "f1-score": 0.16666666666666666,
      "support": 11.0
    },
    "TEMPO": {
      "precision": 0.0,
      "recall": 0.0,
      "f1-score": 0.0,
      "support": 8.0
    },
    "ABSTRACAO": {
      "precision": 0.0,
      "recall": 0.0,
      "f1-score": 0.0,
      "support": 0.0
    },
    "ACONTECIMENTO": {
      "precision": 0.0,
      "recall": 0.0,
      "f1-score": 0.0,
      "support": 1.0
    },
    "COISA": {
      "precision": 0.0,
      "recall": 0.0,
      "f1-score": 0.0,
      "support": 2.0
    },
    "OBRA": {
      "precision": 0.0,
      "recall": 0.0,
      "f1-score": 0.0,
      "support": 2.0
    },
    "OUTRO": {
      "precision": 0.0,
      "recall": 0.0,
      "f1-score": 0.0,
      "support": 1.0
    },
    "VALOR": {
      "precision": 0.0,
      "recall": 0.0,
      "f1-score": 0.0,
      "support": 9.0
    },
    "micro avg": {
      "precision": 1.0,
      "recall": 0.03773584905660377,
      "f1-score": 0.07272727272727272,
      "support": 53.0
    },
    "macro avg": {
      "precision": 0.2,
      "recall": 0.01818181818181818,
      "f1-score": 0.03333333333333333,
      "support": 53.0
    },
    "weighted avg": {
      "precision": 0.41509433962264153,
      "recall": 0.03773584905660377,
      "f1-score": 0.06918238993710692,
      "support": 53.0
    },
    "samples avg": {
      "precision": 0.06666666666666667,
      "recall": 0.04444444444444444,
      "f1-score": 0.05333333333333334,
      "support": 53.0
    }
  }
}