{
  "fold": 0,
  "report": {
    "LOCAL": {
      "precision": 1.0,
      "recall": 0.08333333333333333,
      "f1-score": 0.15384615384615385,
      "support": 12.0
    },
    "ORGANIZACAO": {
      "precision": 0.0,
      "recall": 0.0,
      "f1-score": 0.0,
      "support": 12.0
    },
    "PESSOA": {
      "precision": 1.0,
      "recall": 0.07142857142857142,
      "f1-score": 0.13333333333333333,
      "support": 14.0
    },
    "TEMPO": {
      "precision": 0.0,
      "recall": 0.0,
      "f1-score": 0.0,
      "support": 14.0
    },
    "ABSTRACAO": {
      "precision": 0.0,
      "recall": 0.0,
      "f1-score": 0.0,
      "support": 0.0
    },
    "ACONTECIMENTO": {
      "precision": 0.0,
      "recall": 0.0,
      "f1-score": 0.0,
      "support": 2.0
    },
    "COISA": {
      "precision": 0.0,
      "recall": 0.0,
      "f1-score": 0.0,
      "support": 8.0
    },
    "OBRA": {
      "precision": 0.0,
      "recall": 0.0,
      "f1-score": 0.0,
      "support": 9.0
    },
    "OUTRO": {
      "precision": 0.0,
      "recall": 0.0,
      "f1-score": 0.0,
      "support": 1.0
    },
    "VALOR": {
      "precision": 0.0,
      "recall": 0.0,
      "f1-score": 0.0,
      "support": 11.0
    },
    "micro avg": {
      "precision": 1.0,
      "recall": 0.024096385542168676,
      "f1-score": 0.047058823529411764,
      "support": 83.0
    },
    "macro avg": {
      "precision": 0.2,
      "recall": 0.015476190476190477,
      "f1-score": 0.028717948717948714,
      "support": 83.0
    },
    "weighted avg": {
      "precision": 0.3132530120481928,
      "recall": 0.024096385542168676,
      "f1-score": 0.04473277726289775,
      "support": 83.0
    },
    "samples avg": {
      "precision": 0.08333333333333333,
      "recall": 0.026785714285714284,
      "f1-score": 0.03819444444444444,
      "support": 83.0
    }
  }
}