{
  "fold": 2,
  "report": {
    "LOCAL": {
      "precision": 0.0,
      "recall": 0.0,
      "f1-score": 0.0,
      "support": 18.0
    },
    "ORGANIZACAO": {
      "precision": 1.0,
      "recall": 0.09090909090909091,
      "f1-score": 0.16666666666666666,
      "support": 11.0
    },
    "PESSOA": {
      "precision": 1.0,
      "recall": 0.125,
      "f1-score": 0.2222222222222222,
      "support": 16.0
    },
    "TEMPO": {
      "precision": 1.0,
      "recall": 0.07142857142857142,
      "f1-score": 0.13333333333333333,
      "support": 14.0
    },
    "ABSTRACAO": {
      "precision": 0.0,
      "recall": 0.0,
      "f1-score": 0.0,
      "support": 0.0
    },
    "ACONTECIMENTO": {
      "precision": 0.0,
      "recall": 0.0,
      "f1-score": 0.0,
      "support": 3.0
    },
    "COISA": {
      "precision": 0.0,
      "recall": 0.0,
      "f1-score": 0.0,
      "support": 1.0
    },
    "OBRA": {
      "precision": 0.0,
      "recall": 0.0,
      "f1-score": 0.0,
      "support": 8.0
    },
    "OUTRO": {
      "precision": 0.0,
      "recall": 0.0,
      "f1-score": 0.0,
      "support": 1.0
    },
    "VALOR": {
      "precision": 0.0,
      "recall": 0.0,
      "f1-score": 0.0,
      "support": 12.0
    },
    "micro avg": {
      "precision": 0.8,
      "recall": 0.047619047619047616,
      "f1-score": 0.0898876404494382,
      "support": 84.0
    },
    "macro avg": {
      "precision": 0.3,
      "recall": 0.028733766233766233,
      "f1-score": 0.05222222222222221,
      "support": 84.0
    },
    "weighted avg": {
      "precision": 0.4880952380952381,
      "recall": 0.047619047619047616,
      "f1-score": 0.08637566137566137,
      "support": 84.0
    },
    "samples avg": {
      "precision": 0.1212121212121212,
      "recall": 0.07878787878787878,
      "f1-score": 0.09090909090909091,
      "support": 84.0
    }
  }
}