{
  "DATA": {
    "precision": 0.9534883720930233,
    "recall": 1.0,
    "f1-score": 0.9761904761904762,
    "support": 41.0
  },
  "EVENTO": {
    "precision": 1.0,
    "recall": 0.5,
    "f1-score": 0.6666666666666666,
    "support": 2.0
  },
  "FUNDapelido": {
    "precision": 1.0,
    "recall": 0.875,
    "f1-score": 0.9333333333333333,
    "support": 16.0
  },
  "FUNDlei": {
    "precision": 0.9772727272727273,
    "recall": 0.9772727272727273,
    "f1-score": 0.9772727272727273,
    "support": 44.0
  },
  "FUNDprojetodelei": {
    "precision": 0.5,
    "recall": 1.0,
    "f1-score": 0.6666666666666666,
    "support": 1.0
  },
  "LOCALconcreto": {
    "precision": 0.9444444444444444,
    "recall": 0.9444444444444444,
    "f1-score": 0.9444444444444444,
    "support": 18.0
  },
  "LOCALvirtual": {
    "precision": 0.5,
    "recall": 0.6666666666666666,
    "f1-score": 0.5714285714285714,
    "support": 3.0
  },
  "ORGgovernamental": {
    "precision": 0.8947368421052632,
    "recall": 0.8947368421052632,
    "f1-score": 0.8947368421052632,
    "support": 38.0
  },
  "ORGnaogovernamental": {
    "precision": 0.9090909090909091,
    "recall": 0.7692307692307693,
    "f1-score": 0.8333333333333334,
    "support": 13.0
  },
  "ORGpartido": {
    "precision": 1.0,
    "recall": 1.0,
    "f1-score": 1.0,
    "support": 1.0
  },
  "PESSOAcargo": {
    "precision": 0.75,
    "recall": 1.0,
    "f1-score": 0.8571428571428571,
    "support": 15.0
  },
  "PESSOAgrupocargo": {
    "precision": 0.9090909090909091,
    "recall": 1.0,
    "f1-score": 0.9523809523809523,
    "support": 10.0
  },
  "PESSOAindividual": {
    "precision": 1.0,
    "recall": 1.0,
    "f1-score": 1.0,
    "support": 26.0
  },
  "PRODUTOoutros": {
    "precision": 0.5625,
    "recall": 0.47368421052631576,
    "f1-score": 0.5142857142857142,
    "support": 19.0
  },
  "PRODUTOprograma": {
    "precision": 0.6666666666666666,
    "recall": 1.0,
    "f1-score": 0.8,
    "support": 2.0
  },
  "PRODUTOsistema": {
    "precision": 0.0,
    "recall": 0.0,
    "f1-score": 0.0,
    "support": 0.0
  },
  "micro avg": {
    "precision": 0.8968253968253969,
    "recall": 0.9076305220883534,
    "f1-score": 0.9021956087824351,
    "support": 249.0
  },
  "macro avg": {
    "precision": 0.7854556794227464,
    "recall": 0.8188147287653866,
    "f1-score": 0.7867426615781878,
    "support": 249.0
  },
  "weighted avg": {
    "precision": 0.9006945682660169,
    "recall": 0.9076305220883534,
    "f1-score": 0.9006310958118188,
    "support": 249.0
  },
  "samples avg": {
    "precision": 0.90259009009009,
    "recall": 0.9138513513513513,
    "f1-score": 0.8986164736164737,
    "support": 249.0
  }
}