{
  "DATA": {
    "precision": 0.9552238805970149,
    "recall": 0.9846153846153847,
    "f1-score": 0.9696969696969697,
    "support": 65.0
  },
  "EVENTO": {
    "precision": 0.6666666666666666,
    "recall": 1.0,
    "f1-score": 0.8,
    "support": 2.0
  },
  "FUNDapelido": {
    "precision": 0.75,
    "recall": 0.9375,
    "f1-score": 0.8333333333333334,
    "support": 16.0
  },
  "FUNDlei": {
    "precision": 0.9791666666666666,
    "recall": 0.9791666666666666,
    "f1-score": 0.9791666666666666,
    "support": 48.0
  },
  "FUNDprojetodelei": {
    "precision": 1.0,
    "recall": 1.0,
    "f1-score": 1.0,
    "support": 1.0
  },
  "LOCALconcreto": {
    "precision": 0.9411764705882353,
    "recall": 0.9142857142857143,
    "f1-score": 0.927536231884058,
    "support": 35.0
  },
  "LOCALvirtual": {
    "precision": 0.6666666666666666,
    "recall": 0.6666666666666666,
    "f1-score": 0.6666666666666666,
    "support": 6.0
  },
  "ORGgovernamental": {
    "precision": 0.71875,
    "recall": 0.9583333333333334,
    "f1-score": 0.8214285714285714,
    "support": 24.0
  },
  "ORGnaogovernamental": {
    "precision": 1.0,
    "recall": 0.6923076923076923,
    "f1-score": 0.8181818181818182,
    "support": 13.0
  },
  "ORGpartido": {
    "precision": 0.75,
    "recall": 1.0,
    "f1-score": 0.8571428571428571,
    "support": 3.0
  },
  "PESSOAcargo": {
    "precision": 0.9375,
    "recall": 0.9090909090909091,
    "f1-score": 0.9230769230769231,
    "support": 33.0
  },
  "PESSOAgrupocargo": {
    "precision": 0.7,
    "recall": 0.875,
    "f1-score": 0.7777777777777778,
    "support": 8.0
  },
  "PESSOAindividual": {
    "precision": 0.9473684210526315,
    "recall": 1.0,
    "f1-score": 0.972972972972973,
    "support": 36.0
  },
  "PRODUTOoutros": {
    "precision": 0.8076923076923077,
    "recall": 0.75,
    "f1-score": 0.7777777777777778,
    "support": 28.0
  },
  "PRODUTOprograma": {
    "precision": 0.3333333333333333,
    "recall": 0.3333333333333333,
    "f1-score": 0.3333333333333333,
    "support": 3.0
  },
  "PRODUTOsistema": {
    "precision": 1.0,
    "recall": 1.0,
    "f1-score": 1.0,
    "support": 1.0
  },
  "micro avg": {
    "precision": 0.8862275449101796,
    "recall": 0.9192546583850931,
    "f1-score": 0.9024390243902439,
    "support": 322.0
  },
  "macro avg": {
    "precision": 0.8220965258289701,
    "recall": 0.8750187312687312,
    "f1-score": 0.8411307437462329,
    "support": 322.0
  },
  "weighted avg": {
    "precision": 0.894789471478282,
    "recall": 0.9192546583850931,
    "f1-score": 0.9032237512118689,
    "support": 322.0
  },
  "samples avg": {
    "precision": 0.919400352733686,
    "recall": 0.9336860670194004,
    "f1-score": 0.9187326782564877,
    "support": 322.0
  }
}