{
  "DATA": {
    "precision": 0.9583333333333334,
    "recall": 1.0,
    "f1-score": 0.9787234042553191,
    "support": 46.0
  },
  "EVENTO": {
    "precision": 1.0,
    "recall": 0.14285714285714285,
    "f1-score": 0.25,
    "support": 7.0
  },
  "FUNDapelido": {
    "precision": 0.8461538461538461,
    "recall": 0.9166666666666666,
    "f1-score": 0.88,
    "support": 12.0
  },
  "FUNDlei": {
    "precision": 1.0,
    "recall": 0.9777777777777777,
    "f1-score": 0.9887640449438202,
    "support": 45.0
  },
  "FUNDprojetodelei": {
    "precision": 0.0,
    "recall": 0.0,
    "f1-score": 0.0,
    "support": 1.0
  },
  "LOCALconcreto": {
    "precision": 0.9411764705882353,
    "recall": 0.8888888888888888,
    "f1-score": 0.9142857142857143,
    "support": 36.0
  },
  "LOCALvirtual": {
    "precision": 0.0,
    "recall": 0.0,
    "f1-score": 0.0,
    "support": 1.0
  },
  "ORGgovernamental": {
    "precision": 0.9230769230769231,
    "recall": 0.8181818181818182,
    "f1-score": 0.8674698795180723,
    "support": 44.0
  },
  "ORGnaogovernamental": {
    "precision": 0.0,
    "recall": 0.0,
    "f1-score": 0.0,
    "support": 2.0
  },
  "ORGpartido": {
    "precision": 1.0,
    "recall": 0.8571428571428571,
    "f1-score": 0.9230769230769231,
    "support": 7.0
  },
  "PESSOAcargo": {
    "precision": 0.9473684210526315,
    "recall": 0.9,
    "f1-score": 0.9230769230769231,
    "support": 20.0
  },
  "PESSOAgrupocargo": {
    "precision": 1.0,
    "recall": 0.8181818181818182,
    "f1-score": 0.9,
    "support": 11.0
  },
  "PESSOAindividual": {
    "precision": 1.0,
    "recall": 1.0,
    "f1-score": 1.0,
    "support": 37.0
  },
  "PRODUTOoutros": {
    "precision": 0.6666666666666666,
    "recall": 0.7,
    "f1-score": 0.6829268292682927,
    "support": 20.0
  },
  "PRODUTOprograma": {
    "precision": 0.6666666666666666,
    "recall": 1.0,
    "f1-score": 0.8,
    "support": 4.0
  },
  "PRODUTOsistema": {
    "precision": 1.0,
    "recall": 1.0,
    "f1-score": 1.0,
    "support": 1.0
  },
  "micro avg": {
    "precision": 0.9184397163120568,
    "recall": 0.8809523809523809,
    "f1-score": 0.8993055555555556,
    "support": 294.0
  },
  "macro avg": {
    "precision": 0.746840145471144,
    "recall": 0.6887310606060606,
    "f1-score": 0.6942702324015666,
    "support": 294.0
  },
  "weighted avg": {
    "precision": 0.9240894063428342,
    "recall": 0.8809523809523809,
    "f1-score": 0.89316405625762,
    "support": 294.0
  },
  "samples avg": {
    "precision": 0.9337962962962963,
    "recall": 0.9152777777777777,
    "f1-score": 0.9149470899470901,
    "support": 294.0
  }
}