{
  "DATA": {
    "precision": 0.967741935483871,
    "recall": 0.9836065573770492,
    "f1-score": 0.975609756097561,
    "support": 61.0
  },
  "EVENTO": {
    "precision": 1.0,
    "recall": 0.5,
    "f1-score": 0.6666666666666666,
    "support": 2.0
  },
  "FUNDapelido": {
    "precision": 0.88,
    "recall": 0.8461538461538461,
    "f1-score": 0.8627450980392157,
    "support": 26.0
  },
  "FUNDlei": {
    "precision": 0.9375,
    "recall": 0.9574468085106383,
    "f1-score": 0.9473684210526315,
    "support": 47.0
  },
  "FUNDprojetodelei": {
    "precision": 0.5,
    "recall": 1.0,
    "f1-score": 0.6666666666666666,
    "support": 1.0
  },
  "LOCALconcreto": {
    "precision": 0.875,
    "recall": 1.0,
    "f1-score": 0.9333333333333333,
    "support": 21.0
  },
  "LOCALvirtual": {
    "precision": 1.0,
    "recall": 0.75,
    "f1-score": 0.8571428571428571,
    "support": 4.0
  },
  "ORGgovernamental": {
    "precision": 0.9090909090909091,
    "recall": 0.9523809523809523,
    "f1-score": 0.9302325581395349,
    "support": 42.0
  },
  "ORGnaogovernamental": {
    "precision": 0.7142857142857143,
    "recall": 0.29411764705882354,
    "f1-score": 0.4166666666666667,
    "support": 17.0
  },
  "ORGpartido": {
    "precision": 0.75,
    "recall": 1.0,
    "f1-score": 0.8571428571428571,
    "support": 3.0
  },
  "PESSOAcargo": {
    "precision": 0.9666666666666667,
    "recall": 1.0,
    "f1-score": 0.9830508474576272,
    "support": 29.0
  },
  "PESSOAgrupocargo": {
    "precision": 0.625,
    "recall": 0.7142857142857143,
    "f1-score": 0.6666666666666666,
    "support": 7.0
  },
  "PESSOAindividual": {
    "precision": 1.0,
    "recall": 1.0,
    "f1-score": 1.0,
    "support": 41.0
  },
  "PRODUTOoutros": {
    "precision": 0.7241379310344828,
    "recall": 0.7777777777777778,
    "f1-score": 0.75,
    "support": 27.0
  },
  "PRODUTOprograma": {
    "precision": 0.6666666666666666,
    "recall": 0.5,
    "f1-score": 0.5714285714285714,
    "support": 4.0
  },
  "PRODUTOsistema": {
    "precision": 1.0,
    "recall": 1.0,
    "f1-score": 1.0,
    "support": 2.0
  },
  "micro avg": {
    "precision": 0.9039039039039038,
    "recall": 0.9011976047904192,
    "f1-score": 0.9025487256371814,
    "support": 334.0
  },
  "macro avg": {
    "precision": 0.8447556139517693,
    "recall": 0.8297355814715501,
    "f1-score": 0.8177950604063036,
    "support": 334.0
  },
  "weighted avg": {
    "precision": 0.9013507710392888,
    "recall": 0.9011976047904192,
    "f1-score": 0.8950114963002708,
    "support": 334.0
  },
  "samples avg": {
    "precision": 0.9167471819645734,
    "recall": 0.9128824476650563,
    "f1-score": 0.9073307261713058,
    "support": 334.0
  }
}