{
  "DATA": {
    "precision": 0.9344262295081968,
    "recall": 0.8636363636363636,
    "f1-score": 0.8976377952755905,
    "support": 66.0
  },
  "EVENTO": {
    "precision": 0.0,
    "recall": 0.0,
    "f1-score": 0.0,
    "support": 1.0
  },
  "FUNDapelido": {
    "precision": 0.7916666666666666,
    "recall": 1.0,
    "f1-score": 0.8837209302325582,
    "support": 19.0
  },
  "FUNDlei": {
    "precision": 0.9811320754716981,
    "recall": 0.896551724137931,
    "f1-score": 0.9369369369369369,
    "support": 58.0
  },
  "FUNDprojetodelei": {
    "precision": 0.5,
    "recall": 1.0,
    "f1-score": 0.6666666666666666,
    "support": 1.0
  },
  "LOCALconcreto": {
    "precision": 0.85,
    "recall": 0.918918918918919,
    "f1-score": 0.8831168831168831,
    "support": 37.0
  },
  "LOCALvirtual": {
    "precision": 0.5,
    "recall": 0.125,
    "f1-score": 0.2,
    "support": 8.0
  },
  "ORGgovernamental": {
    "precision": 0.9230769230769231,
    "recall": 0.8372093023255814,
    "f1-score": 0.8780487804878049,
    "support": 43.0
  },
  "ORGnaogovernamental": {
    "precision": 1.0,
    "recall": 0.5714285714285714,
    "f1-score": 0.7272727272727273,
    "support": 7.0
  },
  "ORGpartido": {
    "precision": 1.0,
    "recall": 1.0,
    "f1-score": 1.0,
    "support": 3.0
  },
  "PESSOAcargo": {
    "precision": 0.9,
    "recall": 0.75,
    "f1-score": 0.8181818181818182,
    "support": 24.0
  },
  "PESSOAgrupocargo": {
    "precision": 0.6666666666666666,
    "recall": 0.6153846153846154,
    "f1-score": 0.64,
    "support": 13.0
  },
  "PESSOAindividual": {
    "precision": 0.9,
    "recall": 0.972972972972973,
    "f1-score": 0.935064935064935,
    "support": 37.0
  },
  "PRODUTOoutros": {
    "precision": 0.46153846153846156,
    "recall": 0.4,
    "f1-score": 0.42857142857142855,
    "support": 15.0
  },
  "PRODUTOprograma": {
    "precision": 0.875,
    "recall": 1.0,
    "f1-score": 0.9333333333333333,
    "support": 7.0
  },
  "PRODUTOsistema": {
    "precision": 0.0,
    "recall": 0.0,
    "f1-score": 0.0,
    "support": 0.0
  },
  "micro avg": {
    "precision": 0.8757763975155279,
    "recall": 0.831858407079646,
    "f1-score": 0.8532526475037822,
    "support": 339.0
  },
  "macro avg": {
    "precision": 0.7052191889330384,
    "recall": 0.6844439043003097,
    "f1-score": 0.6767845146962926,
    "support": 339.0
  },
  "weighted avg": {
    "precision": 0.8727920633440043,
    "recall": 0.831858407079646,
    "f1-score": 0.8456690368569231,
    "support": 339.0
  },
  "samples avg": {
    "precision": 0.8794871794871795,
    "recall": 0.8551282051282051,
    "f1-score": 0.8548717948717948,
    "support": 339.0
  }
}