{
  "DATA": {
    "precision": 1.0,
    "recall": 0.9803921568627451,
    "f1-score": 0.9900990099009901,
    "support": 51.0
  },
  "EVENTO": {
    "precision": 0.0,
    "recall": 0.0,
    "f1-score": 0.0,
    "support": 1.0
  },
  "FUNDapelido": {
    "precision": 1.0,
    "recall": 0.7272727272727273,
    "f1-score": 0.8421052631578947,
    "support": 11.0
  },
  "FUNDlei": {
    "precision": 0.8947368421052632,
    "recall": 0.9444444444444444,
    "f1-score": 0.918918918918919,
    "support": 36.0
  },
  "FUNDprojetodelei": {
    "precision": 0.5,
    "recall": 0.5,
    "f1-score": 0.5,
    "support": 2.0
  },
  "LOCALconcreto": {
    "precision": 0.8571428571428571,
    "recall": 0.8888888888888888,
    "f1-score": 0.8727272727272727,
    "support": 27.0
  },
  "LOCALvirtual": {
    "precision": 1.0,
    "recall": 0.5,
    "f1-score": 0.6666666666666666,
    "support": 6.0
  },
  "ORGgovernamental": {
    "precision": 0.918918918918919,
    "recall": 0.8095238095238095,
    "f1-score": 0.8607594936708861,
    "support": 42.0
  },
  "ORGnaogovernamental": {
    "precision": 0.5454545454545454,
    "recall": 1.0,
    "f1-score": 0.7058823529411765,
    "support": 6.0
  },
  "ORGpartido": {
    "precision": 0.0,
    "recall": 0.0,
    "f1-score": 0.0,
    "support": 0.0
  },
  "PESSOAcargo": {
    "precision": 0.8636363636363636,
    "recall": 0.7307692307692307,
    "f1-score": 0.7916666666666666,
    "support": 26.0
  },
  "PESSOAgrupocargo": {
    "precision": 0.6,
    "recall": 0.6666666666666666,
    "f1-score": 0.631578947368421,
    "support": 9.0
  },
  "PESSOAindividual": {
    "precision": 0.9285714285714286,
    "recall": 0.9069767441860465,
    "f1-score": 0.9176470588235294,
    "support": 43.0
  },
  "PRODUTOoutros": {
    "precision": 0.8620689655172413,
    "recall": 0.8620689655172413,
    "f1-score": 0.8620689655172413,
    "support": 29.0
  },
  "PRODUTOprograma": {
    "precision": 0.0,
    "recall": 0.0,
    "f1-score": 0.0,
    "support": 6.0
  },
  "PRODUTOsistema": {
    "precision": 1.0,
    "recall": 0.6666666666666666,
    "f1-score": 0.8,
    "support": 3.0
  },
  "micro avg": {
    "precision": 0.8869257950530035,
    "recall": 0.8422818791946308,
    "f1-score": 0.8640275387263339,
    "support": 298.0
  },
  "macro avg": {
    "precision": 0.6856581200841636,
    "recall": 0.6364793937999043,
    "f1-score": 0.647507538522479,
    "support": 298.0
  },
  "weighted avg": {
    "precision": 0.8792074570774676,
    "recall": 0.8422818791946308,
    "f1-score": 0.8554244465949327,
    "support": 298.0
  },
  "samples avg": {
    "precision": 0.8985207100591716,
    "recall": 0.8966469428007889,
    "f1-score": 0.8828372482218636,
    "support": 298.0
  }
}