{
  "DATA": {
    "precision": 0.9787234042553191,
    "recall": 0.9387755102040817,
    "f1-score": 0.9583333333333334,
    "support": 49.0
  },
  "EVENTO": {
    "precision": 0.0,
    "recall": 0.0,
    "f1-score": 0.0,
    "support": 0.0
  },
  "FUNDapelido": {
    "precision": 0.8125,
    "recall": 0.9285714285714286,
    "f1-score": 0.8666666666666667,
    "support": 14.0
  },
  "FUNDlei": {
    "precision": 0.9555555555555556,
    "recall": 0.8775510204081632,
    "f1-score": 0.9148936170212766,
    "support": 49.0
  },
  "FUNDprojetodelei": {
    "precision": 0.0,
    "recall": 0.0,
    "f1-score": 0.0,
    "support": 1.0
  },
  "LOCALconcreto": {
    "precision": 1.0,
    "recall": 1.0,
    "f1-score": 1.0,
    "support": 15.0
  },
  "LOCALvirtual": {
    "precision": 0.6666666666666666,
    "recall": 0.3333333333333333,
    "f1-score": 0.4444444444444444,
    "support": 6.0
  },
  "ORGgovernamental": {
    "precision": 0.7368421052631579,
    "recall": 0.9333333333333333,
    "f1-score": 0.8235294117647058,
    "support": 30.0
  },
  "ORGnaogovernamental": {
    "precision": 0.7142857142857143,
    "recall": 0.5,
    "f1-score": 0.5882352941176471,
    "support": 10.0
  },
  "ORGpartido": {
    "precision": 1.0,
    "recall": 1.0,
    "f1-score": 1.0,
    "support": 3.0
  },
  "PESSOAcargo": {
    "precision": 1.0,
    "recall": 0.8055555555555556,
    "f1-score": 0.8923076923076924,
    "support": 36.0
  },
  "PESSOAgrupocargo": {
    "precision": 0.8947368421052632,
    "recall": 0.7391304347826086,
    "f1-score": 0.8095238095238095,
    "support": 23.0
  },
  "PESSOAindividual": {
    "precision": 0.95,
    "recall": 1.0,
    "f1-score": 0.9743589743589743,
    "support": 38.0
  },
  "PRODUTOoutros": {
    "precision": 0.3,
    "recall": 0.5454545454545454,
    "f1-score": 0.3870967741935484,
    "support": 11.0
  },
  "PRODUTOprograma": {
    "precision": 1.0,
    "recall": 0.4,
    "f1-score": 0.5714285714285714,
    "support": 10.0
  },
  "PRODUTOsistema": {
    "precision": 1.0,
    "recall": 1.0,
    "f1-score": 1.0,
    "support": 2.0
  },
  "micro avg": {
    "precision": 0.8715277777777778,
    "recall": 0.8451178451178452,
    "f1-score": 0.8581196581196581,
    "support": 297.0
  },
  "macro avg": {
    "precision": 0.7505818930082298,
    "recall": 0.6876065726026906,
    "f1-score": 0.7019261618225419,
    "support": 297.0
  },
  "weighted avg": {
    "precision": 0.8935412010097838,
    "recall": 0.8451178451178452,
    "f1-score": 0.8583046183827402,
    "support": 297.0
  },
  "samples avg": {
    "precision": 0.8797222222222222,
    "recall": 0.8743518518518518,
    "f1-score": 0.8670298220298219,
    "support": 297.0
  }
}