{
  "DATA": {
    "precision": 0.9629629629629629,
    "recall": 0.9811320754716981,
    "f1-score": 0.9719626168224299,
    "support": 53.0
  },
  "EVENTO": {
    "precision": 1.0,
    "recall": 0.5,
    "f1-score": 0.6666666666666666,
    "support": 4.0
  },
  "FUNDapelido": {
    "precision": 0.875,
    "recall": 0.8235294117647058,
    "f1-score": 0.8484848484848485,
    "support": 17.0
  },
  "FUNDlei": {
    "precision": 0.9215686274509803,
    "recall": 0.9591836734693877,
    "f1-score": 0.94,
    "support": 49.0
  },
  "FUNDprojetodelei": {
    "precision": 0.0,
    "recall": 0.0,
    "f1-score": 0.0,
    "support": 2.0
  },
  "LOCALconcreto": {
    "precision": 0.926829268292683,
    "recall": 0.926829268292683,
    "f1-score": 0.926829268292683,
    "support": 41.0
  },
  "LOCALvirtual": {
    "precision": 1.0,
    "recall": 0.5,
    "f1-score": 0.6666666666666666,
    "support": 2.0
  },
  "ORGgovernamental": {
    "precision": 0.9310344827586207,
    "recall": 0.84375,
    "f1-score": 0.8852459016393442,
    "support": 32.0
  },
  "ORGnaogovernamental": {
    "precision": 0.9090909090909091,
    "recall": 0.9090909090909091,
    "f1-score": 0.9090909090909091,
    "support": 11.0
  },
  "ORGpartido": {
    "precision": 0.8333333333333334,
    "recall": 1.0,
    "f1-score": 0.9090909090909091,
    "support": 5.0
  },
  "PESSOAcargo": {
    "precision": 0.9166666666666666,
    "recall": 0.9166666666666666,
    "f1-score": 0.9166666666666666,
    "support": 24.0
  },
  "PESSOAgrupocargo": {
    "precision": 0.9090909090909091,
    "recall": 0.9090909090909091,
    "f1-score": 0.9090909090909091,
    "support": 11.0
  },
  "PESSOAindividual": {
    "precision": 1.0,
    "recall": 1.0,
    "f1-score": 1.0,
    "support": 38.0
  },
  "PRODUTOoutros": {
    "precision": 0.5714285714285714,
    "recall": 0.8571428571428571,
    "f1-score": 0.6857142857142857,
    "support": 14.0
  },
  "PRODUTOprograma": {
    "precision": 0.9,
    "recall": 0.75,
    "f1-score": 0.8181818181818182,
    "support": 12.0
  },
  "PRODUTOsistema": {
    "precision": 1.0,
    "recall": 0.6666666666666666,
    "f1-score": 0.8,
    "support": 6.0
  },
  "micro avg": {
    "precision": 0.9122257053291536,
    "recall": 0.9065420560747663,
    "f1-score": 0.909375,
    "support": 321.0
  },
  "macro avg": {
    "precision": 0.8535628581922272,
    "recall": 0.7839426523535302,
    "f1-score": 0.8033557166505085,
    "support": 321.0
  },
  "weighted avg": {
    "precision": 0.9153541118289021,
    "recall": 0.9065420560747663,
    "f1-score": 0.9068217019686186,
    "support": 321.0
  },
  "samples avg": {
    "precision": 0.9267676767676768,
    "recall": 0.9196127946127945,
    "f1-score": 0.9162337662337662,
    "support": 321.0
  }
}