{
  "DATA": {
    "precision": 0.975609756097561,
    "recall": 0.975609756097561,
    "f1-score": 0.975609756097561,
    "support": 41.0
  },
  "EVENTO": {
    "precision": 1.0,
    "recall": 0.5,
    "f1-score": 0.6666666666666666,
    "support": 2.0
  },
  "FUNDapelido": {
    "precision": 1.0,
    "recall": 0.875,
    "f1-score": 0.9333333333333333,
    "support": 16.0
  },
  "FUNDlei": {
    "precision": 0.9772727272727273,
    "recall": 0.9772727272727273,
    "f1-score": 0.9772727272727273,
    "support": 44.0
  },
  "FUNDprojetodelei": {
    "precision": 0.5,
    "recall": 1.0,
    "f1-score": 0.6666666666666666,
    "support": 1.0
  },
  "LOCALconcreto": {
    "precision": 0.75,
    "recall": 0.8333333333333334,
    "f1-score": 0.7894736842105263,
    "support": 18.0
  },
  "LOCALvirtual": {
    "precision": 0.6,
    "recall": 1.0,
    "f1-score": 0.75,
    "support": 3.0
  },
  "ORGgovernamental": {
    "precision": 0.918918918918919,
    "recall": 0.8947368421052632,
    "f1-score": 0.9066666666666666,
    "support": 38.0
  },
  "ORGnaogovernamental": {
    "precision": 1.0,
    "recall": 0.9230769230769231,
    "f1-score": 0.96,
    "support": 13.0
  },
  "ORGpartido": {
    "precision": 1.0,
    "recall": 1.0,
    "f1-score": 1.0,
    "support": 1.0
  },
  "PESSOAcargo": {
    "precision": 0.875,
    "recall": 0.9333333333333333,
    "f1-score": 0.9032258064516129,
    "support": 15.0
  },
  "PESSOAgrupocargo": {
    "precision": 0.7692307692307693,
    "recall": 1.0,
    "f1-score": 0.8695652173913043,
    "support": 10.0
  },
  "PESSOAindividual": {
    "precision": 1.0,
    "recall": 1.0,
    "f1-score": 1.0,
    "support": 26.0
  },
  "PRODUTOoutros": {
    "precision": 0.7058823529411765,
    "recall": 0.631578947368421,
    "f1-score": 0.6666666666666666,
    "support": 19.0
  },
  "PRODUTOprograma": {
    "precision": 1.0,
    "recall": 1.0,
    "f1-score": 1.0,
    "support": 2.0
  },
  "PRODUTOsistema": {
    "precision": 0.0,
    "recall": 0.0,
    "f1-score": 0.0,
    "support": 0.0
  },
  "micro avg": {
    "precision": 0.9083665338645418,
    "recall": 0.9156626506024096,
    "f1-score": 0.912,
    "support": 249.0
  },
  "macro avg": {
    "precision": 0.8169946577788221,
    "recall": 0.8464963664117227,
    "f1-score": 0.8165716994639832,
    "support": 249.0
  },
  "weighted avg": {
    "precision": 0.9154537803899958,
    "recall": 0.9156626506024096,
    "f1-score": 0.9126020036940162,
    "support": 249.0
  },
  "samples avg": {
    "precision": 0.9211711711711711,
    "recall": 0.9279279279279278,
    "f1-score": 0.9150579150579151,
    "support": 249.0
  }
}