{
  "fold": 4,
  "report": {
    "NOME_BEBIDA": {
      "precision": 0.8169014084507042,
      "recall": 0.3918918918918919,
      "f1-score": 0.5296803652968036,
      "support": 296.0
    },
    "GRADUACAO_ALCOOLICA": {
      "precision": 0.9493670886075949,
      "recall": 0.6,
      "f1-score": 0.7352941176470589,
      "support": 125.0
    },
    "EQUIPAMENTO_DESTILACAO": {
      "precision": 0.8333333333333334,
      "recall": 0.1724137931034483,
      "f1-score": 0.2857142857142857,
      "support": 29.0
    },
    "TEMPO_ARMAZENAMENTO": {
      "precision": 0.9767441860465116,
      "recall": 0.38181818181818183,
      "f1-score": 0.5490196078431373,
      "support": 110.0
    },
    "RECIPIENTE_ARMAZENAMENTO": {
      "precision": 1.0,
      "recall": 0.10227272727272728,
      "f1-score": 0.18556701030927836,
      "support": 88.0
    },
    "TIPO_MADEIRA": {
      "precision": 0.8979591836734694,
      "recall": 0.21256038647342995,
      "f1-score": 0.34375,
      "support": 207.0
    },
    "CARACTERISTICA_SENSORIAL_COR": {
      "precision": 1.0,
      "recall": 0.38636363636363635,
      "f1-score": 0.5573770491803278,
      "support": 44.0
    },
    "CARACTERISTICA_SENSORIAL_AROMA": {
      "precision": 0.6666666666666666,
      "recall": 0.14814814814814814,
      "f1-score": 0.24242424242424243,
      "support": 54.0
    },
    "CARACTERISTICA_SENSORIAL_SABOR": {
      "precision": 0.625,
      "recall": 0.2542372881355932,
      "f1-score": 0.3614457831325301,
      "support": 59.0
    },
    "CARACTERISTICA_SENSORIAL_CONSISTÊNCIA": {
      "precision": 0.8,
      "recall": 0.25,
      "f1-score": 0.38095238095238093,
      "support": 32.0
    },
    "NOME_PESSOA": {
      "precision": 0.7894736842105263,
      "recall": 0.234375,
      "f1-score": 0.3614457831325301,
      "support": 64.0
    },
    "NOME_LOCAL": {
      "precision": 1.0,
      "recall": 0.3755656108597285,
      "f1-score": 0.5460526315789473,
      "support": 221.0
    },
    "NOME_ORGANIZACAO": {
      "precision": 0.8181818181818182,
      "recall": 0.20224719101123595,
      "f1-score": 0.32432432432432434,
      "support": 89.0
    },
    "TEMPO": {
      "precision": 0.7857142857142857,
      "recall": 0.0990990990990991,
      "f1-score": 0.176,
      "support": 111.0
    },
    "PRECO": {
      "precision": 0.9397590361445783,
      "recall": 0.8863636363636364,
      "f1-score": 0.9122807017543859,
      "support": 88.0
    },
    "VOLUME": {
      "precision": 0.9940476190476191,
      "recall": 0.6653386454183267,
      "f1-score": 0.7971360381861575,
      "support": 251.0
    },
    "CLASSIFICACAO_BEBIDA": {
      "precision": 0.7916666666666666,
      "recall": 0.15447154471544716,
      "f1-score": 0.2585034013605442,
      "support": 123.0
    },
    "micro avg": {
      "precision": 0.9079601990049752,
      "recall": 0.3666499246609744,
      "f1-score": 0.5223613595706619,
      "support": 1991.0
    },
    "macro avg": {
      "precision": 0.8638126456908103,
      "recall": 0.32453922239261945,
      "f1-score": 0.4439392778139373,
      "support": 1991.0
    },
    "weighted avg": {
      "precision": 0.8887861938790383,
      "recall": 0.3666499246609744,
      "f1-score": 0.49239640372190047,
      "support": 1991.0
    },
    "samples avg": {
      "precision": 0.42624113475177305,
      "recall": 0.42430912203472726,
      "f1-score": 0.4219654357218554,
      "support": 1991.0
    }
  }
}