{
  "fold": 6,
  "report": {
    "NOME_BEBIDA": {
      "precision": 0.8394160583941606,
      "recall": 0.3872053872053872,
      "f1-score": 0.5299539170506913,
      "support": 297.0
    },
    "GRADUACAO_ALCOOLICA": {
      "precision": 0.926829268292683,
      "recall": 0.6229508196721312,
      "f1-score": 0.7450980392156863,
      "support": 122.0
    },
    "EQUIPAMENTO_DESTILACAO": {
      "precision": 0.6,
      "recall": 0.16216216216216217,
      "f1-score": 0.2553191489361702,
      "support": 37.0
    },
    "TEMPO_ARMAZENAMENTO": {
      "precision": 0.9772727272727273,
      "recall": 0.41346153846153844,
      "f1-score": 0.581081081081081,
      "support": 104.0
    },
    "RECIPIENTE_ARMAZENAMENTO": {
      "precision": 0.625,
      "recall": 0.0970873786407767,
      "f1-score": 0.16806722689075632,
      "support": 103.0
    },
    "TIPO_MADEIRA": {
      "precision": 0.8604651162790697,
      "recall": 0.19270833333333334,
      "f1-score": 0.3148936170212766,
      "support": 192.0
    },
    "CARACTERISTICA_SENSORIAL_COR": {
      "precision": 0.8461538461538461,
      "recall": 0.24444444444444444,
      "f1-score": 0.3793103448275862,
      "support": 45.0
    },
    "CARACTERISTICA_SENSORIAL_AROMA": {
      "precision": 0.5,
      "recall": 0.16666666666666666,
      "f1-score": 0.25,
      "support": 54.0
    },
    "CARACTERISTICA_SENSORIAL_SABOR": {
      "precision": 0.7727272727272727,
      "recall": 0.2361111111111111,
      "f1-score": 0.3617021276595745,
      "support": 72.0
    },
    "CARACTERISTICA_SENSORIAL_CONSISTÊNCIA": {
      "precision": 0.6666666666666666,
      "recall": 0.23076923076923078,
      "f1-score": 0.34285714285714286,
      "support": 26.0
    },
    "NOME_PESSOA": {
      "precision": 0.8333333333333334,
      "recall": 0.2631578947368421,
      "f1-score": 0.4,
      "support": 57.0
    },
    "NOME_LOCAL": {
      "precision": 0.9666666666666667,
      "recall": 0.3815789473684211,
      "f1-score": 0.5471698113207547,
      "support": 228.0
    },
    "NOME_ORGANIZACAO": {
      "precision": 0.8181818181818182,
      "recall": 0.2903225806451613,
      "f1-score": 0.42857142857142855,
      "support": 93.0
    },
    "TEMPO": {
      "precision": 0.8947368421052632,
      "recall": 0.16037735849056603,
      "f1-score": 0.272,
      "support": 106.0
    },
    "PRECO": {
      "precision": 0.9411764705882353,
      "recall": 0.8888888888888888,
      "f1-score": 0.9142857142857143,
      "support": 90.0
    },
    "VOLUME": {
      "precision": 0.9875,
      "recall": 0.632,
      "f1-score": 0.7707317073170732,
      "support": 250.0
    },
    "CLASSIFICACAO_BEBIDA": {
      "precision": 0.6785714285714286,
      "recall": 0.15966386554621848,
      "f1-score": 0.2585034013605442,
      "support": 119.0
    },
    "micro avg": {
      "precision": 0.8863361547762999,
      "recall": 0.3674185463659148,
      "f1-score": 0.5194897236002834,
      "support": 1995.0
    },
    "macro avg": {
      "precision": 0.80792338324901,
      "recall": 0.3252680357731106,
      "f1-score": 0.44232615931738123,
      "support": 1995.0
    },
    "weighted avg": {
      "precision": 0.854642066561577,
      "recall": 0.3674185463659148,
      "f1-score": 0.49295650329195567,
      "support": 1995.0
    },
    "samples avg": {
      "precision": 0.41339662447257375,
      "recall": 0.4108649789029536,
      "f1-score": 0.40864943386040437,
      "support": 1995.0
    }
  }
}