{
  "fold": 3,
  "report": {
    "NOME_BEBIDA": {
      "precision": 0.856,
      "recall": 0.36394557823129253,
      "f1-score": 0.5107398568019093,
      "support": 294.0
    },
    "GRADUACAO_ALCOOLICA": {
      "precision": 0.9459459459459459,
      "recall": 0.7070707070707071,
      "f1-score": 0.8092485549132948,
      "support": 99.0
    },
    "EQUIPAMENTO_DESTILACAO": {
      "precision": 0.8,
      "recall": 0.16666666666666666,
      "f1-score": 0.27586206896551724,
      "support": 24.0
    },
    "TEMPO_ARMAZENAMENTO": {
      "precision": 1.0,
      "recall": 0.32727272727272727,
      "f1-score": 0.4931506849315068,
      "support": 110.0
    },
    "RECIPIENTE_ARMAZENAMENTO": {
      "precision": 0.7,
      "recall": 0.10294117647058823,
      "f1-score": 0.1794871794871795,
      "support": 68.0
    },
    "TIPO_MADEIRA": {
      "precision": 0.8918918918918919,
      "recall": 0.1774193548387097,
      "f1-score": 0.29596412556053814,
      "support": 186.0
    },
    "CARACTERISTICA_SENSORIAL_COR": {
      "precision": 0.8666666666666667,
      "recall": 0.37142857142857144,
      "f1-score": 0.52,
      "support": 35.0
    },
    "CARACTERISTICA_SENSORIAL_AROMA": {
      "precision": 0.42857142857142855,
      "recall": 0.07142857142857142,
      "f1-score": 0.12244897959183673,
      "support": 42.0
    },
    "CARACTERISTICA_SENSORIAL_SABOR": {
      "precision": 0.7142857142857143,
      "recall": 0.3,
      "f1-score": 0.4225352112676056,
      "support": 50.0
    },
    "CARACTERISTICA_SENSORIAL_CONSISTÊNCIA": {
      "precision": 1.0,
      "recall": 0.3181818181818182,
      "f1-score": 0.4827586206896552,
      "support": 22.0
    },
    "NOME_PESSOA": {
      "precision": 0.9411764705882353,
      "recall": 0.25806451612903225,
      "f1-score": 0.4050632911392405,
      "support": 62.0
    },
    "NOME_LOCAL": {
      "precision": 1.0,
      "recall": 0.3067226890756303,
      "f1-score": 0.4694533762057878,
      "support": 238.0
    },
    "NOME_ORGANIZACAO": {
      "precision": 0.7272727272727273,
      "recall": 0.20512820512820512,
      "f1-score": 0.32,
      "support": 78.0
    },
    "TEMPO": {
      "precision": 0.8333333333333334,
      "recall": 0.13392857142857142,
      "f1-score": 0.23076923076923078,
      "support": 112.0
    },
    "PRECO": {
      "precision": 0.9615384615384616,
      "recall": 0.8620689655172413,
      "f1-score": 0.9090909090909091,
      "support": 87.0
    },
    "VOLUME": {
      "precision": 1.0,
      "recall": 0.6138211382113821,
      "f1-score": 0.760705289672544,
      "support": 246.0
    },
    "CLASSIFICACAO_BEBIDA": {
      "precision": 0.625,
      "recall": 0.09523809523809523,
      "f1-score": 0.1652892561983471,
      "support": 105.0
    },
    "micro avg": {
      "precision": 0.9143258426966292,
      "recall": 0.3503767491926803,
      "f1-score": 0.5066147859922179,
      "support": 1858.0
    },
    "macro avg": {
      "precision": 0.8406872141232002,
      "recall": 0.31654866778340063,
      "f1-score": 0.43368039031088845,
      "support": 1858.0
    },
    "weighted avg": {
      "precision": 0.880379199665814,
      "recall": 0.3503767491926803,
      "f1-score": 0.47616518645832046,
      "support": 1858.0
    },
    "samples avg": {
      "precision": 0.4049213597158802,
      "recall": 0.4003044140030441,
      "f1-score": 0.3999673842139596,
      "support": 1858.0
    }
  }
}