{
  "fold": 2,
  "report": {
    "NOME_BEBIDA": {
      "precision": 0.7734375,
      "recall": 0.35106382978723405,
      "f1-score": 0.48292682926829267,
      "support": 282.0
    },
    "GRADUACAO_ALCOOLICA": {
      "precision": 0.9625,
      "recall": 0.6814159292035398,
      "f1-score": 0.7979274611398963,
      "support": 113.0
    },
    "EQUIPAMENTO_DESTILACAO": {
      "precision": 1.0,
      "recall": 0.21428571428571427,
      "f1-score": 0.35294117647058826,
      "support": 28.0
    },
    "TEMPO_ARMAZENAMENTO": {
      "precision": 1.0,
      "recall": 0.30927835051546393,
      "f1-score": 0.47244094488188976,
      "support": 97.0
    },
    "RECIPIENTE_ARMAZENAMENTO": {
      "precision": 0.8333333333333334,
      "recall": 0.17045454545454544,
      "f1-score": 0.2830188679245283,
      "support": 88.0
    },
    "TIPO_MADEIRA": {
      "precision": 0.8205128205128205,
      "recall": 0.17391304347826086,
      "f1-score": 0.28699551569506726,
      "support": 184.0
    },
    "CARACTERISTICA_SENSORIAL_COR": {
      "precision": 1.0,
      "recall": 0.25,
      "f1-score": 0.4,
      "support": 36.0
    },
    "CARACTERISTICA_SENSORIAL_AROMA": {
      "precision": 0.7,
      "recall": 0.15555555555555556,
      "f1-score": 0.2545454545454545,
      "support": 45.0
    },
    "CARACTERISTICA_SENSORIAL_SABOR": {
      "precision": 0.47368421052631576,
      "recall": 0.19148936170212766,
      "f1-score": 0.2727272727272727,
      "support": 47.0
    },
    "CARACTERISTICA_SENSORIAL_CONSISTÊNCIA": {
      "precision": 0.5714285714285714,
      "recall": 0.16,
      "f1-score": 0.25,
      "support": 25.0
    },
    "NOME_PESSOA": {
      "precision": 0.7727272727272727,
      "recall": 0.3090909090909091,
      "f1-score": 0.44155844155844154,
      "support": 55.0
    },
    "NOME_LOCAL": {
      "precision": 1.0,
      "recall": 0.31196581196581197,
      "f1-score": 0.4755700325732899,
      "support": 234.0
    },
    "NOME_ORGANIZACAO": {
      "precision": 0.7083333333333334,
      "recall": 0.2,
      "f1-score": 0.3119266055045872,
      "support": 85.0
    },
    "TEMPO": {
      "precision": 0.9333333333333333,
      "recall": 0.12962962962962962,
      "f1-score": 0.22764227642276422,
      "support": 108.0
    },
    "PRECO": {
      "precision": 0.9390243902439024,
      "recall": 0.875,
      "f1-score": 0.9058823529411765,
      "support": 88.0
    },
    "VOLUME": {
      "precision": 0.9933774834437086,
      "recall": 0.6,
      "f1-score": 0.7481296758104738,
      "support": 250.0
    },
    "CLASSIFICACAO_BEBIDA": {
      "precision": 0.7931034482758621,
      "recall": 0.19491525423728814,
      "f1-score": 0.3129251700680272,
      "support": 118.0
    },
    "micro avg": {
      "precision": 0.8881401617250674,
      "recall": 0.34997344662772173,
      "f1-score": 0.5020952380952381,
      "support": 1883.0
    },
    "macro avg": {
      "precision": 0.8396938645387325,
      "recall": 0.31047399617094595,
      "f1-score": 0.42806812220775,
      "support": 1883.0
    },
    "weighted avg": {
      "precision": 0.8721728608180663,
      "recall": 0.34997344662772173,
      "f1-score": 0.4753262460988032,
      "support": 1883.0
    },
    "samples avg": {
      "precision": 0.3976934523809524,
      "recall": 0.4001488095238095,
      "f1-score": 0.3956266534391534,
      "support": 1883.0
    }
  }
}