{
  "fold": 5,
  "report": {
    "NOME_BEBIDA": {
      "precision": 0.782312925170068,
      "recall": 0.36977491961414793,
      "f1-score": 0.5021834061135371,
      "support": 311.0
    },
    "GRADUACAO_ALCOOLICA": {
      "precision": 0.9438202247191011,
      "recall": 0.7777777777777778,
      "f1-score": 0.8527918781725888,
      "support": 108.0
    },
    "EQUIPAMENTO_DESTILACAO": {
      "precision": 0.8888888888888888,
      "recall": 0.23529411764705882,
      "f1-score": 0.37209302325581395,
      "support": 34.0
    },
    "TEMPO_ARMAZENAMENTO": {
      "precision": 0.9787234042553191,
      "recall": 0.3770491803278688,
      "f1-score": 0.5443786982248521,
      "support": 122.0
    },
    "RECIPIENTE_ARMAZENAMENTO": {
      "precision": 0.6363636363636364,
      "recall": 0.061946902654867256,
      "f1-score": 0.11290322580645161,
      "support": 113.0
    },
    "TIPO_MADEIRA": {
      "precision": 0.918918918918919,
      "recall": 0.16748768472906403,
      "f1-score": 0.2833333333333333,
      "support": 203.0
    },
    "CARACTERISTICA_SENSORIAL_COR": {
      "precision": 1.0,
      "recall": 0.2,
      "f1-score": 0.3333333333333333,
      "support": 50.0
    },
    "CARACTERISTICA_SENSORIAL_AROMA": {
      "precision": 0.6153846153846154,
      "recall": 0.19047619047619047,
      "f1-score": 0.2909090909090909,
      "support": 42.0
    },
    "CARACTERISTICA_SENSORIAL_SABOR": {
      "precision": 0.6666666666666666,
      "recall": 0.20689655172413793,
      "f1-score": 0.3157894736842105,
      "support": 58.0
    },
    "CARACTERISTICA_SENSORIAL_CONSISTÊNCIA": {
      "precision": 0.2,
      "recall": 0.047619047619047616,
      "f1-score": 0.07692307692307693,
      "support": 21.0
    },
    "NOME_PESSOA": {
      "precision": 1.0,
      "recall": 0.17777777777777778,
      "f1-score": 0.3018867924528302,
      "support": 45.0
    },
    "NOME_LOCAL": {
      "precision": 0.9761904761904762,
      "recall": 0.3293172690763052,
      "f1-score": 0.4924924924924925,
      "support": 249.0
    },
    "NOME_ORGANIZACAO": {
      "precision": 0.9130434782608695,
      "recall": 0.29577464788732394,
      "f1-score": 0.44680851063829785,
      "support": 71.0
    },
    "TEMPO": {
      "precision": 0.8666666666666667,
      "recall": 0.10569105691056911,
      "f1-score": 0.18840579710144928,
      "support": 123.0
    },
    "PRECO": {
      "precision": 0.9333333333333333,
      "recall": 0.9333333333333333,
      "f1-score": 0.9333333333333333,
      "support": 90.0
    },
    "VOLUME": {
      "precision": 0.9935897435897436,
      "recall": 0.6275303643724697,
      "f1-score": 0.7692307692307693,
      "support": 247.0
    },
    "CLASSIFICACAO_BEBIDA": {
      "precision": 0.68,
      "recall": 0.14912280701754385,
      "f1-score": 0.2446043165467626,
      "support": 114.0
    },
    "micro avg": {
      "precision": 0.8958068614993647,
      "recall": 0.3523238380809595,
      "f1-score": 0.505738880918221,
      "support": 2001.0
    },
    "macro avg": {
      "precision": 0.8231707634357825,
      "recall": 0.30899233111444024,
      "f1-score": 0.4153765030324838,
      "support": 2001.0
    },
    "weighted avg": {
      "precision": 0.8687931112923508,
      "recall": 0.3523238380809595,
      "f1-score": 0.4694824715396945,
      "support": 2001.0
    },
    "samples avg": {
      "precision": 0.42049041029376055,
      "recall": 0.4173949987861131,
      "f1-score": 0.41621752852634136,
      "support": 2001.0
    }
  }
}