{
  "fold": 0,
  "report": {
    "JURISPRUDENCIA": {
      "precision": 1.0,
      "recall": 0.009708737864077669,
      "f1-score": 0.019230769230769232,
      "support": 103.0
    },
    "LEGISLACAO": {
      "precision": 0.5,
      "recall": 0.005,
      "f1-score": 0.009900990099009901,
      "support": 200.0
    },
    "LOCAL": {
      "precision": 0.0,
      "recall": 0.0,
      "f1-score": 0.0,
      "support": 80.0
    },
    "ORGANIZACAO": {
      "precision": 0.5,
      "recall": 0.005376344086021506,
      "f1-score": 0.010638297872340425,
      "support": 186.0
    },
    "PESSOA": {
      "precision": 1.0,
      "recall": 0.01020408163265306,
      "f1-score": 0.020202020202020204,
      "support": 98.0
    },
    "TEMPO": {
      "precision": 0.5,
      "recall": 0.010638297872340425,
      "f1-score": 0.020833333333333332,
      "support": 94.0
    },
    "micro avg": {
      "precision": 0.625,
      "recall": 0.006570302233902759,
      "f1-score": 0.013003901170351105,
      "support": 761.0
    },
    "macro avg": {
      "precision": 0.5833333333333334,
      "recall": 0.006821243575848777,
      "f1-score": 0.013467568456245515,
      "support": 761.0
    },
    "weighted avg": {
      "precision": 0.5795006570302234,
      "recall": 0.006570302233902759,
      "f1-score": 0.012980055148433433,
      "support": 761.0
    },
    "samples avg": {
      "precision": 0.0014623655913978495,
      "recall": 0.0025806451612903226,
      "f1-score": 0.0017921146953405018,
      "support": 761.0
    }
  }
}