{
  "NOME_BEBIDA": {
    "precision": 0.9775641025641025,
    "recall": 0.9807073954983923,
    "f1-score": 0.9791332263242376,
    "support": 311.0
  },
  "GRADUACAO_ALCOOLICA": {
    "precision": 1.0,
    "recall": 0.9814814814814815,
    "f1-score": 0.9906542056074766,
    "support": 108.0
  },
  "EQUIPAMENTO_DESTILACAO": {
    "precision": 0.8787878787878788,
    "recall": 0.8529411764705882,
    "f1-score": 0.8656716417910447,
    "support": 34.0
  },
  "TEMPO_ARMAZENAMENTO": {
    "precision": 1.0,
    "recall": 0.9754098360655737,
    "f1-score": 0.9875518672199171,
    "support": 122.0
  },
  "RECIPIENTE_ARMAZENAMENTO": {
    "precision": 1.0,
    "recall": 0.9292035398230089,
    "f1-score": 0.963302752293578,
    "support": 113.0
  },
  "TIPO_MADEIRA": {
    "precision": 0.9519230769230769,
    "recall": 0.9753694581280788,
    "f1-score": 0.9635036496350365,
    "support": 203.0
  },
  "CARACTERISTICA_SENSORIAL_COR": {
    "precision": 0.9387755102040817,
    "recall": 0.92,
    "f1-score": 0.9292929292929293,
    "support": 50.0
  },
  "CARACTERISTICA_SENSORIAL_AROMA": {
    "precision": 0.8222222222222222,
    "recall": 0.8809523809523809,
    "f1-score": 0.8505747126436781,
    "support": 42.0
  },
  "CARACTERISTICA_SENSORIAL_SABOR": {
    "precision": 0.7777777777777778,
    "recall": 0.7241379310344828,
    "f1-score": 0.75,
    "support": 58.0
  },
  "CARACTERISTICA_SENSORIAL_CONSISTÊNCIA": {
    "precision": 0.9444444444444444,
    "recall": 0.8095238095238095,
    "f1-score": 0.8717948717948718,
    "support": 21.0
  },
  "NOME_PESSOA": {
    "precision": 0.9772727272727273,
    "recall": 0.9555555555555556,
    "f1-score": 0.9662921348314607,
    "support": 45.0
  },
  "NOME_LOCAL": {
    "precision": 0.9959016393442623,
    "recall": 0.9759036144578314,
    "f1-score": 0.9858012170385395,
    "support": 249.0
  },
  "NOME_ORGANIZACAO": {
    "precision": 0.8513513513513513,
    "recall": 0.8873239436619719,
    "f1-score": 0.8689655172413793,
    "support": 71.0
  },
  "TEMPO": {
    "precision": 0.9915966386554622,
    "recall": 0.959349593495935,
    "f1-score": 0.9752066115702479,
    "support": 123.0
  },
  "PRECO": {
    "precision": 0.9375,
    "recall": 1.0,
    "f1-score": 0.967741935483871,
    "support": 90.0
  },
  "VOLUME": {
    "precision": 0.99581589958159,
    "recall": 0.9635627530364372,
    "f1-score": 0.9794238683127572,
    "support": 247.0
  },
  "CLASSIFICACAO_BEBIDA": {
    "precision": 0.9043478260869565,
    "recall": 0.9122807017543859,
    "f1-score": 0.9082969432314411,
    "support": 114.0
  },
  "micro avg": {
    "precision": 0.9611111111111111,
    "recall": 0.9510244877561219,
    "f1-score": 0.9560411956794775,
    "support": 2001.0
  },
  "macro avg": {
    "precision": 0.9379577114832902,
    "recall": 0.9225707747611713,
    "f1-score": 0.9296004755477921,
    "support": 2001.0
  },
  "weighted avg": {
    "precision": 0.9617013765490844,
    "recall": 0.9510244877561219,
    "f1-score": 0.9560275437556747,
    "support": 2001.0
  },
  "samples avg": {
    "precision": 0.9690413698287713,
    "recall": 0.9697923176269633,
    "f1-score": 0.9660447455723048,
    "support": 2001.0
  }
}