{
  "NOME_BEBIDA": {
    "precision": 0.9790209790209791,
    "recall": 0.9893992932862191,
    "f1-score": 0.984182776801406,
    "support": 283.0
  },
  "GRADUACAO_ALCOOLICA": {
    "precision": 0.967741935483871,
    "recall": 1.0,
    "f1-score": 0.9836065573770492,
    "support": 120.0
  },
  "EQUIPAMENTO_DESTILACAO": {
    "precision": 0.8260869565217391,
    "recall": 0.8260869565217391,
    "f1-score": 0.8260869565217391,
    "support": 23.0
  },
  "TEMPO_ARMAZENAMENTO": {
    "precision": 0.975609756097561,
    "recall": 0.9917355371900827,
    "f1-score": 0.9836065573770492,
    "support": 121.0
  },
  "RECIPIENTE_ARMAZENAMENTO": {
    "precision": 0.9777777777777777,
    "recall": 0.967032967032967,
    "f1-score": 0.9723756906077348,
    "support": 91.0
  },
  "TIPO_MADEIRA": {
    "precision": 0.9354838709677419,
    "recall": 0.9902439024390244,
    "f1-score": 0.9620853080568721,
    "support": 205.0
  },
  "CARACTERISTICA_SENSORIAL_COR": {
    "precision": 0.9210526315789473,
    "recall": 0.9210526315789473,
    "f1-score": 0.9210526315789473,
    "support": 38.0
  },
  "CARACTERISTICA_SENSORIAL_AROMA": {
    "precision": 0.8095238095238095,
    "recall": 0.85,
    "f1-score": 0.8292682926829268,
    "support": 40.0
  },
  "CARACTERISTICA_SENSORIAL_SABOR": {
    "precision": 0.8,
    "recall": 0.8461538461538461,
    "f1-score": 0.822429906542056,
    "support": 52.0
  },
  "CARACTERISTICA_SENSORIAL_CONSISTÊNCIA": {
    "precision": 0.9310344827586207,
    "recall": 0.9,
    "f1-score": 0.9152542372881356,
    "support": 30.0
  },
  "NOME_PESSOA": {
    "precision": 0.9074074074074074,
    "recall": 0.9423076923076923,
    "f1-score": 0.9245283018867925,
    "support": 52.0
  },
  "NOME_LOCAL": {
    "precision": 0.9955555555555555,
    "recall": 0.9696969696969697,
    "f1-score": 0.9824561403508771,
    "support": 231.0
  },
  "NOME_ORGANIZACAO": {
    "precision": 0.9479166666666666,
    "recall": 0.9285714285714286,
    "f1-score": 0.9381443298969072,
    "support": 98.0
  },
  "TEMPO": {
    "precision": 1.0,
    "recall": 0.9830508474576272,
    "f1-score": 0.9914529914529915,
    "support": 118.0
  },
  "PRECO": {
    "precision": 0.946236559139785,
    "recall": 1.0,
    "f1-score": 0.9723756906077348,
    "support": 88.0
  },
  "VOLUME": {
    "precision": 0.991869918699187,
    "recall": 0.9721115537848606,
    "f1-score": 0.9818913480885312,
    "support": 251.0
  },
  "CLASSIFICACAO_BEBIDA": {
    "precision": 0.8926174496644296,
    "recall": 0.8926174496644296,
    "f1-score": 0.8926174496644296,
    "support": 149.0
  },
  "micro avg": {
    "precision": 0.9546360917248256,
    "recall": 0.9623115577889447,
    "f1-score": 0.9584584584584585,
    "support": 1990.0
  },
  "macro avg": {
    "precision": 0.9297021033449457,
    "recall": 0.9394153573932842,
    "f1-score": 0.9343185392224812,
    "support": 1990.0
  },
  "weighted avg": {
    "precision": 0.9553704656524277,
    "recall": 0.9623115577889447,
    "f1-score": 0.9586218707085403,
    "support": 1990.0
  },
  "samples avg": {
    "precision": 0.9636501736111112,
    "recall": 0.9723958333333333,
    "f1-score": 0.9639001936527978,
    "support": 1990.0
  }
}