{
  "NOME_BEBIDA": {
    "precision": 0.9696969696969697,
    "recall": 0.9696969696969697,
    "f1-score": 0.9696969696969697,
    "support": 297.0
  },
  "GRADUACAO_ALCOOLICA": {
    "precision": 1.0,
    "recall": 0.9754098360655737,
    "f1-score": 0.9875518672199171,
    "support": 122.0
  },
  "EQUIPAMENTO_DESTILACAO": {
    "precision": 0.9714285714285714,
    "recall": 0.918918918918919,
    "f1-score": 0.9444444444444444,
    "support": 37.0
  },
  "TEMPO_ARMAZENAMENTO": {
    "precision": 0.9807692307692307,
    "recall": 0.9807692307692307,
    "f1-score": 0.9807692307692307,
    "support": 104.0
  },
  "RECIPIENTE_ARMAZENAMENTO": {
    "precision": 0.9696969696969697,
    "recall": 0.9320388349514563,
    "f1-score": 0.9504950495049505,
    "support": 103.0
  },
  "TIPO_MADEIRA": {
    "precision": 0.9791666666666666,
    "recall": 0.9791666666666666,
    "f1-score": 0.9791666666666666,
    "support": 192.0
  },
  "CARACTERISTICA_SENSORIAL_COR": {
    "precision": 0.8181818181818182,
    "recall": 1.0,
    "f1-score": 0.9,
    "support": 45.0
  },
  "CARACTERISTICA_SENSORIAL_AROMA": {
    "precision": 0.96,
    "recall": 0.8888888888888888,
    "f1-score": 0.9230769230769231,
    "support": 54.0
  },
  "CARACTERISTICA_SENSORIAL_SABOR": {
    "precision": 0.8591549295774648,
    "recall": 0.8472222222222222,
    "f1-score": 0.8531468531468531,
    "support": 72.0
  },
  "CARACTERISTICA_SENSORIAL_CONSISTÊNCIA": {
    "precision": 0.8,
    "recall": 0.9230769230769231,
    "f1-score": 0.8571428571428571,
    "support": 26.0
  },
  "NOME_PESSOA": {
    "precision": 0.9464285714285714,
    "recall": 0.9298245614035088,
    "f1-score": 0.9380530973451328,
    "support": 57.0
  },
  "NOME_LOCAL": {
    "precision": 0.9598214285714286,
    "recall": 0.9429824561403509,
    "f1-score": 0.9513274336283186,
    "support": 228.0
  },
  "NOME_ORGANIZACAO": {
    "precision": 0.8636363636363636,
    "recall": 0.8172043010752689,
    "f1-score": 0.8397790055248618,
    "support": 93.0
  },
  "TEMPO": {
    "precision": 1.0,
    "recall": 0.9433962264150944,
    "f1-score": 0.970873786407767,
    "support": 106.0
  },
  "PRECO": {
    "precision": 0.9473684210526315,
    "recall": 1.0,
    "f1-score": 0.972972972972973,
    "support": 90.0
  },
  "VOLUME": {
    "precision": 0.9838056680161943,
    "recall": 0.972,
    "f1-score": 0.9778672032193159,
    "support": 250.0
  },
  "CLASSIFICACAO_BEBIDA": {
    "precision": 0.8524590163934426,
    "recall": 0.8739495798319328,
    "f1-score": 0.8630705394190872,
    "support": 119.0
  },
  "micro avg": {
    "precision": 0.9506048387096774,
    "recall": 0.9453634085213033,
    "f1-score": 0.9479768786127167,
    "support": 1995.0
  },
  "macro avg": {
    "precision": 0.9330361544186073,
    "recall": 0.9349732715366476,
    "f1-score": 0.9329079353050747,
    "support": 1995.0
  },
  "weighted avg": {
    "precision": 0.9518296118911808,
    "recall": 0.9453634085213033,
    "f1-score": 0.9481246700526107,
    "support": 1995.0
  },
  "samples avg": {
    "precision": 0.9578333129659049,
    "recall": 0.9594684780099665,
    "f1-score": 0.9535259350309921,
    "support": 1995.0
  }
}