{
  "fold": 1,
  "report": {
    "LOCAL": {
      "precision": 0.8,
      "recall": 0.08,
      "f1-score": 0.14545454545454545,
      "support": 50.0
    },
    "ORGANIZACAO": {
      "precision": 0.5,
      "recall": 0.024390243902439025,
      "f1-score": 0.046511627906976744,
      "support": 41.0
    },
    "PESSOA": {
      "precision": 1.0,
      "recall": 0.06153846153846154,
      "f1-score": 0.11594202898550725,
      "support": 65.0
    },
    "TEMPO": {
      "precision": 1.0,
      "recall": 0.08064516129032258,
      "f1-score": 0.14925373134328357,
      "support": 62.0
    },
    "ABSTRACAO": {
      "precision": 0.0,
      "recall": 0.0,
      "f1-score": 0.0,
      "support": 0.0
    },
    "ACONTECIMENTO": {
      "precision": 0.75,
      "recall": 0.16666666666666666,
      "f1-score": 0.2727272727272727,
      "support": 18.0
    },
    "COISA": {
      "precision": 0.0,
      "recall": 0.0,
      "f1-score": 0.0,
      "support": 18.0
    },
    "OBRA": {
      "precision": 1.0,
      "recall": 0.047619047619047616,
      "f1-score": 0.09090909090909091,
      "support": 21.0
    },
    "OUTRO": {
      "precision": 0.0,
      "recall": 0.0,
      "f1-score": 0.0,
      "support": 5.0
    },
    "VALOR": {
      "precision": 1.0,
      "recall": 0.08823529411764706,
      "f1-score": 0.16216216216216217,
      "support": 34.0
    },
    "micro avg": {
      "precision": 0.75,
      "recall": 0.06687898089171974,
      "f1-score": 0.12280701754385964,
      "support": 314.0
    },
    "macro avg": {
      "precision": 0.605,
      "recall": 0.05490948751345844,
      "f1-score": 0.09829604594888389,
      "support": 314.0
    },
    "weighted avg": {
      "precision": 0.8152866242038217,
      "recall": 0.06687898089171974,
      "f1-score": 0.1219788617068478,
      "support": 314.0
    },
    "samples avg": {
      "precision": 0.10583941605839416,
      "recall": 0.09513381995133818,
      "f1-score": 0.09464720194647201,
      "support": 314.0
    }
  }
}