{
  "fold": 4,
  "report": {
    "LOCAL": {
      "precision": 0.8,
      "recall": 0.08163265306122448,
      "f1-score": 0.14814814814814814,
      "support": 49.0
    },
    "ORGANIZACAO": {
      "precision": 1.0,
      "recall": 0.20930232558139536,
      "f1-score": 0.34615384615384615,
      "support": 86.0
    },
    "PESSOA": {
      "precision": 1.0,
      "recall": 0.16666666666666666,
      "f1-score": 0.2857142857142857,
      "support": 66.0
    },
    "TEMPO": {
      "precision": 1.0,
      "recall": 0.017241379310344827,
      "f1-score": 0.03389830508474576,
      "support": 58.0
    },
    "ABSTRACAO": {
      "precision": 0.0,
      "recall": 0.0,
      "f1-score": 0.0,
      "support": 0.0
    },
    "ACONTECIMENTO": {
      "precision": 0.75,
      "recall": 0.13636363636363635,
      "f1-score": 0.23076923076923078,
      "support": 22.0
    },
    "COISA": {
      "precision": 0.0,
      "recall": 0.0,
      "f1-score": 0.0,
      "support": 16.0
    },
    "OBRA": {
      "precision": 0.5,
      "recall": 0.047619047619047616,
      "f1-score": 0.08695652173913043,
      "support": 21.0
    },
    "OUTRO": {
      "precision": 0.0,
      "recall": 0.0,
      "f1-score": 0.0,
      "support": 8.0
    },
    "VALOR": {
      "precision": 0.0,
      "recall": 0.0,
      "f1-score": 0.0,
      "support": 28.0
    },
    "micro avg": {
      "precision": 0.7916666666666666,
      "recall": 0.10734463276836158,
      "f1-score": 0.1890547263681592,
      "support": 354.0
    },
    "macro avg": {
      "precision": 0.505,
      "recall": 0.06588257086023153,
      "f1-score": 0.11316403376093871,
      "support": 354.0
    },
    "weighted avg": {
      "precision": 0.7802259887005649,
      "recall": 0.10734463276836158,
      "f1-score": 0.1829230073841609,
      "support": 354.0
    },
    "samples avg": {
      "precision": 0.15168539325842698,
      "recall": 0.14004815409309793,
      "f1-score": 0.14176029962546818,
      "support": 354.0
    }
  }
}