{
  "fold": 7,
  "report": {
    "LOCAL": {
      "precision": 0.8,
      "recall": 0.18604651162790697,
      "f1-score": 0.3018867924528302,
      "support": 86.0
    },
    "ORGANIZACAO": {
      "precision": 0.3,
      "recall": 0.06521739130434782,
      "f1-score": 0.10714285714285714,
      "support": 46.0
    },
    "PESSOA": {
      "precision": 0.9166666666666666,
      "recall": 0.2558139534883721,
      "f1-score": 0.4,
      "support": 86.0
    },
    "TEMPO": {
      "precision": 1.0,
      "recall": 0.09333333333333334,
      "f1-score": 0.17073170731707318,
      "support": 75.0
    },
    "ABSTRACAO": {
      "precision": 0.0,
      "recall": 0.0,
      "f1-score": 0.0,
      "support": 0.0
    },
    "ACONTECIMENTO": {
      "precision": 1.0,
      "recall": 0.07692307692307693,
      "f1-score": 0.14285714285714285,
      "support": 26.0
    },
    "COISA": {
      "precision": 0.21428571428571427,
      "recall": 0.15,
      "f1-score": 0.17647058823529413,
      "support": 20.0
    },
    "OBRA": {
      "precision": 1.0,
      "recall": 0.075,
      "f1-score": 0.13953488372093023,
      "support": 40.0
    },
    "OUTRO": {
      "precision": 0.0,
      "recall": 0.0,
      "f1-score": 0.0,
      "support": 7.0
    },
    "VALOR": {
      "precision": 0.0,
      "recall": 0.0,
      "f1-score": 0.0,
      "support": 22.0
    },
    "micro avg": {
      "precision": 0.6666666666666666,
      "recall": 0.13725490196078433,
      "f1-score": 0.22764227642276422,
      "support": 408.0
    },
    "macro avg": {
      "precision": 0.5230952380952381,
      "recall": 0.0902334266677037,
      "f1-score": 0.1438623971726128,
      "support": 408.0
    },
    "weighted avg": {
      "precision": 0.7517623716153128,
      "recall": 0.13725490196078433,
      "f1-score": 0.22284511386304928,
      "support": 408.0
    },
    "samples avg": {
      "precision": 0.16365824308062574,
      "recall": 0.16558363417569194,
      "f1-score": 0.1621626267835654,
      "support": 408.0
    }
  }
}