{
  "fold": 2,
  "report": {
    "LOCAL": {
      "precision": 0.6,
      "recall": 0.04918032786885246,
      "f1-score": 0.09090909090909091,
      "support": 61.0
    },
    "ORGANIZACAO": {
      "precision": 0.5454545454545454,
      "recall": 0.09523809523809523,
      "f1-score": 0.16216216216216217,
      "support": 63.0
    },
    "PESSOA": {
      "precision": 0.8333333333333334,
      "recall": 0.1875,
      "f1-score": 0.30612244897959184,
      "support": 80.0
    },
    "TEMPO": {
      "precision": 1.0,
      "recall": 0.0945945945945946,
      "f1-score": 0.1728395061728395,
      "support": 74.0
    },
    "ABSTRACAO": {
      "precision": 0.0,
      "recall": 0.0,
      "f1-score": 0.0,
      "support": 0.0
    },
    "ACONTECIMENTO": {
      "precision": 1.0,
      "recall": 0.09090909090909091,
      "f1-score": 0.16666666666666666,
      "support": 22.0
    },
    "COISA": {
      "precision": 0.0,
      "recall": 0.0,
      "f1-score": 0.0,
      "support": 25.0
    },
    "OBRA": {
      "precision": 0.75,
      "recall": 0.08571428571428572,
      "f1-score": 0.15384615384615385,
      "support": 35.0
    },
    "OUTRO": {
      "precision": 0.0,
      "recall": 0.0,
      "f1-score": 0.0,
      "support": 5.0
    },
    "VALOR": {
      "precision": 0.0,
      "recall": 0.0,
      "f1-score": 0.0,
      "support": 21.0
    },
    "micro avg": {
      "precision": 0.7346938775510204,
      "recall": 0.09326424870466321,
      "f1-score": 0.16551724137931034,
      "support": 386.0
    },
    "macro avg": {
      "precision": 0.47287878787878784,
      "recall": 0.06031363943249189,
      "f1-score": 0.10525460287365049,
      "support": 386.0
    },
    "weighted avg": {
      "precision": 0.6732650337572618,
      "recall": 0.09326424870466321,
      "f1-score": 0.16086236318163288,
      "support": 386.0
    },
    "samples avg": {
      "precision": 0.1351575456053068,
      "recall": 0.12545605306799337,
      "f1-score": 0.1265576877517176,
      "support": 386.0
    }
  }
}