{
  "fold": 0,
  "report": {
    "LOCAL": {
      "precision": 0.8666666666666667,
      "recall": 0.17567567567567569,
      "f1-score": 0.29213483146067415,
      "support": 74.0
    },
    "ORGANIZACAO": {
      "precision": 0.6153846153846154,
      "recall": 0.1509433962264151,
      "f1-score": 0.24242424242424243,
      "support": 53.0
    },
    "PESSOA": {
      "precision": 0.9090909090909091,
      "recall": 0.2247191011235955,
      "f1-score": 0.36036036036036034,
      "support": 89.0
    },
    "TEMPO": {
      "precision": 1.0,
      "recall": 0.07352941176470588,
      "f1-score": 0.136986301369863,
      "support": 68.0
    },
    "ABSTRACAO": {
      "precision": 0.0,
      "recall": 0.0,
      "f1-score": 0.0,
      "support": 0.0
    },
    "ACONTECIMENTO": {
      "precision": 1.0,
      "recall": 0.17647058823529413,
      "f1-score": 0.3,
      "support": 17.0
    },
    "COISA": {
      "precision": 0.0,
      "recall": 0.0,
      "f1-score": 0.0,
      "support": 19.0
    },
    "OBRA": {
      "precision": 0.8,
      "recall": 0.18604651162790697,
      "f1-score": 0.3018867924528302,
      "support": 43.0
    },
    "OUTRO": {
      "precision": 0.0,
      "recall": 0.0,
      "f1-score": 0.0,
      "support": 11.0
    },
    "VALOR": {
      "precision": 0.0,
      "recall": 0.0,
      "f1-score": 0.0,
      "support": 20.0
    },
    "micro avg": {
      "precision": 0.7307692307692307,
      "recall": 0.1446700507614213,
      "f1-score": 0.24152542372881355,
      "support": 394.0
    },
    "macro avg": {
      "precision": 0.5191142191142191,
      "recall": 0.09873846846535933,
      "f1-score": 0.16337925280679702,
      "support": 394.0
    },
    "weighted avg": {
      "precision": 0.7539538295883474,
      "recall": 0.1446700507614213,
      "f1-score": 0.2384130330387543,
      "support": 394.0
    },
    "samples avg": {
      "precision": 0.20211161387631973,
      "recall": 0.19230769230769232,
      "f1-score": 0.1951734539969834,
      "support": 394.0
    }
  }
}