{
  "fold": 5,
  "report": {
    "LOCAL": {
      "precision": 0.9478908188585607,
      "recall": 0.6015748031496063,
      "f1-score": 0.7360308285163777,
      "support": 635.0
    },
    "ORGANIZACAO": {
      "precision": 0.8636363636363636,
      "recall": 0.3958333333333333,
      "f1-score": 0.5428571428571428,
      "support": 288.0
    },
    "PESSOA": {
      "precision": 0.9364161849710982,
      "recall": 0.5567010309278351,
      "f1-score": 0.6982758620689655,
      "support": 291.0
    },
    "TEMPO": {
      "precision": 0.7786885245901639,
      "recall": 0.30254777070063693,
      "f1-score": 0.43577981651376146,
      "support": 314.0
    },
    "micro avg": {
      "precision": 0.9072289156626506,
      "recall": 0.49280104712041883,
      "f1-score": 0.638676844783715,
      "support": 1528.0
    },
    "macro avg": {
      "precision": 0.8816579730140467,
      "recall": 0.46416423452785294,
      "f1-score": 0.6032359124890618,
      "support": 1528.0
    },
    "weighted avg": {
      "precision": 0.8950544824936909,
      "recall": 0.49280104712041883,
      "f1-score": 0.6307300860589967,
      "support": 1528.0
    },
    "samples avg": {
      "precision": 0.48986579019446724,
      "recall": 0.4851410572445906,
      "f1-score": 0.48229839183002693,
      "support": 1528.0
    }
  }
}