{
  "LOCAL": {
    "precision": 0.9521531100478469,
    "recall": 0.9691558441558441,
    "f1-score": 0.9605792437650845,
    "support": 616.0
  },
  "ORGANIZACAO": {
    "precision": 0.8666666666666667,
    "recall": 0.8700787401574803,
    "f1-score": 0.8683693516699411,
    "support": 254.0
  },
  "PESSOA": {
    "precision": 0.9730639730639731,
    "recall": 0.993127147766323,
    "f1-score": 0.9829931972789115,
    "support": 291.0
  },
  "TEMPO": {
    "precision": 0.9216300940438872,
    "recall": 0.91875,
    "f1-score": 0.92018779342723,
    "support": 320.0
  },
  "micro avg": {
    "precision": 0.9352469959946595,
    "recall": 0.9459824442943957,
    "f1-score": 0.9405840886203424,
    "support": 1481.0
  },
  "macro avg": {
    "precision": 0.9283784609555935,
    "recall": 0.9377779330199119,
    "f1-score": 0.9330323965352918,
    "support": 1481.0
  },
  "weighted avg": {
    "precision": 0.9350053311130769,
    "recall": 0.9459824442943957,
    "f1-score": 0.9404414205187942,
    "support": 1481.0
  },
  "samples avg": {
    "precision": 0.9498349834983498,
    "recall": 0.9575082508250824,
    "f1-score": 0.9458274398868458,
    "support": 1481.0
  }
}