{
  "LOCAL": {
    "precision": 0.9687010954616588,
    "recall": 0.9748031496062992,
    "f1-score": 0.9717425431711146,
    "support": 635.0
  },
  "ORGANIZACAO": {
    "precision": 0.8971631205673759,
    "recall": 0.8784722222222222,
    "f1-score": 0.887719298245614,
    "support": 288.0
  },
  "PESSOA": {
    "precision": 0.9489795918367347,
    "recall": 0.9587628865979382,
    "f1-score": 0.9538461538461539,
    "support": 291.0
  },
  "TEMPO": {
    "precision": 0.9264214046822743,
    "recall": 0.8821656050955414,
    "f1-score": 0.9037520391517129,
    "support": 314.0
  },
  "micro avg": {
    "precision": 0.9431968295904888,
    "recall": 0.9345549738219895,
    "f1-score": 0.9388560157790927,
    "support": 1528.0
  },
  "macro avg": {
    "precision": 0.935316303137011,
    "recall": 0.9235509658805002,
    "f1-score": 0.9292650086036489,
    "support": 1528.0
  },
  "weighted avg": {
    "precision": 0.9427732700499225,
    "recall": 0.9345549738219895,
    "f1-score": 0.9385255522717691,
    "support": 1528.0
  },
  "samples avg": {
    "precision": 0.9549180327868853,
    "recall": 0.9505785920925748,
    "f1-score": 0.9436331909813106,
    "support": 1528.0
  }
}