{
  "LOCAL": {
    "precision": 0.7551020408163265,
    "recall": 0.7551020408163265,
    "f1-score": 0.7551020408163265,
    "support": 49.0
  },
  "ORGANIZACAO": {
    "precision": 0.95,
    "recall": 0.8837209302325582,
    "f1-score": 0.9156626506024096,
    "support": 86.0
  },
  "PESSOA": {
    "precision": 0.9215686274509803,
    "recall": 0.7121212121212122,
    "f1-score": 0.8034188034188035,
    "support": 66.0
  },
  "TEMPO": {
    "precision": 0.975609756097561,
    "recall": 0.6896551724137931,
    "f1-score": 0.8080808080808081,
    "support": 58.0
  },
  "ABSTRACAO": {
    "precision": 0.0,
    "recall": 0.0,
    "f1-score": 0.0,
    "support": 0.0
  },
  "ACONTECIMENTO": {
    "precision": 1.0,
    "recall": 0.5454545454545454,
    "f1-score": 0.7058823529411765,
    "support": 22.0
  },
  "COISA": {
    "precision": 0.5625,
    "recall": 0.5625,
    "f1-score": 0.5625,
    "support": 16.0
  },
  "OBRA": {
    "precision": 0.7777777777777778,
    "recall": 0.6666666666666666,
    "f1-score": 0.717948717948718,
    "support": 21.0
  },
  "OUTRO": {
    "precision": 0.125,
    "recall": 0.125,
    "f1-score": 0.125,
    "support": 8.0
  },
  "VALOR": {
    "precision": 0.8846153846153846,
    "recall": 0.8214285714285714,
    "f1-score": 0.8518518518518519,
    "support": 28.0
  },
  "micro avg": {
    "precision": 0.8604651162790697,
    "recall": 0.731638418079096,
    "f1-score": 0.7908396946564885,
    "support": 354.0
  },
  "macro avg": {
    "precision": 0.695217358675803,
    "recall": 0.5761649139133673,
    "f1-score": 0.6245447225660095,
    "support": 354.0
  },
  "weighted avg": {
    "precision": 0.8734786987796253,
    "recall": 0.731638418079096,
    "f1-score": 0.7912415325977851,
    "support": 354.0
  },
  "samples avg": {
    "precision": 0.7912280701754385,
    "recall": 0.799780701754386,
    "f1-score": 0.7851005354294829,
    "support": 354.0
  }
}