{
  "LOCAL": {
    "precision": 0.8979591836734694,
    "recall": 0.7457627118644068,
    "f1-score": 0.8148148148148148,
    "support": 59.0
  },
  "ORGANIZACAO": {
    "precision": 0.8125,
    "recall": 0.6341463414634146,
    "f1-score": 0.7123287671232876,
    "support": 41.0
  },
  "PESSOA": {
    "precision": 0.9895833333333334,
    "recall": 0.8407079646017699,
    "f1-score": 0.9090909090909091,
    "support": 113.0
  },
  "TEMPO": {
    "precision": 0.9285714285714286,
    "recall": 0.7647058823529411,
    "f1-score": 0.8387096774193549,
    "support": 68.0
  },
  "ABSTRACAO": {
    "precision": 0.0,
    "recall": 0.0,
    "f1-score": 0.0,
    "support": 0.0
  },
  "ACONTECIMENTO": {
    "precision": 0.8148148148148148,
    "recall": 0.9166666666666666,
    "f1-score": 0.8627450980392157,
    "support": 24.0
  },
  "COISA": {
    "precision": 0.7857142857142857,
    "recall": 0.5238095238095238,
    "f1-score": 0.6285714285714286,
    "support": 21.0
  },
  "OBRA": {
    "precision": 0.8235294117647058,
    "recall": 0.7777777777777778,
    "f1-score": 0.8,
    "support": 36.0
  },
  "OUTRO": {
    "precision": 0.5,
    "recall": 0.6,
    "f1-score": 0.5454545454545454,
    "support": 5.0
  },
  "VALOR": {
    "precision": 0.9,
    "recall": 0.8571428571428571,
    "f1-score": 0.8780487804878049,
    "support": 21.0
  },
  "micro avg": {
    "precision": 0.8952095808383234,
    "recall": 0.770618556701031,
    "f1-score": 0.8282548476454293,
    "support": 388.0
  },
  "macro avg": {
    "precision": 0.7452672457872038,
    "recall": 0.6660719725679357,
    "f1-score": 0.6989764021001361,
    "support": 388.0
  },
  "weighted avg": {
    "precision": 0.897836288725112,
    "recall": 0.770618556701031,
    "f1-score": 0.8270908860525144,
    "support": 388.0
  },
  "samples avg": {
    "precision": 0.8357753357753359,
    "recall": 0.8318376068376069,
    "f1-score": 0.8250758500758502,
    "support": 388.0
  }
}