{
  "LOCAL": {
    "precision": 0.945054945054945,
    "recall": 0.9148936170212766,
    "f1-score": 0.9297297297297298,
    "support": 94.0
  },
  "ORGANIZACAO": {
    "precision": 0.8305084745762712,
    "recall": 0.7777777777777778,
    "f1-score": 0.8032786885245902,
    "support": 63.0
  },
  "PESSOA": {
    "precision": 0.9615384615384616,
    "recall": 0.9259259259259259,
    "f1-score": 0.9433962264150944,
    "support": 108.0
  },
  "TEMPO": {
    "precision": 1.0,
    "recall": 0.8829787234042553,
    "f1-score": 0.9378531073446328,
    "support": 94.0
  },
  "ABSTRACAO": {
    "precision": 0.0,
    "recall": 0.0,
    "f1-score": 0.0,
    "support": 0.0
  },
  "ACONTECIMENTO": {
    "precision": 0.9444444444444444,
    "recall": 0.7727272727272727,
    "f1-score": 0.85,
    "support": 22.0
  },
  "COISA": {
    "precision": 0.7222222222222222,
    "recall": 0.7647058823529411,
    "f1-score": 0.7428571428571429,
    "support": 17.0
  },
  "OBRA": {
    "precision": 0.8461538461538461,
    "recall": 0.7333333333333333,
    "f1-score": 0.7857142857142857,
    "support": 15.0
  },
  "OUTRO": {
    "precision": 0.4444444444444444,
    "recall": 0.5,
    "f1-score": 0.47058823529411764,
    "support": 8.0
  },
  "VALOR": {
    "precision": 1.0,
    "recall": 0.84,
    "f1-score": 0.9130434782608695,
    "support": 25.0
  },
  "micro avg": {
    "precision": 0.9230769230769231,
    "recall": 0.8609865470852018,
    "f1-score": 0.8909512761020881,
    "support": 446.0
  },
  "macro avg": {
    "precision": 0.7694366838434635,
    "recall": 0.7112342532542782,
    "f1-score": 0.7376460894140463,
    "support": 446.0
  },
  "weighted avg": {
    "precision": 0.9266967968229655,
    "recall": 0.8609865470852018,
    "f1-score": 0.8918188678655377,
    "support": 446.0
  },
  "samples avg": {
    "precision": 0.8980063795853269,
    "recall": 0.8874800637958533,
    "f1-score": 0.8849624060150376,
    "support": 446.0
  }
}