{
  "LOCAL": {
    "precision": 0.9012345679012346,
    "recall": 0.8488372093023255,
    "f1-score": 0.874251497005988,
    "support": 86.0
  },
  "ORGANIZACAO": {
    "precision": 0.8918918918918919,
    "recall": 0.717391304347826,
    "f1-score": 0.7951807228915663,
    "support": 46.0
  },
  "PESSOA": {
    "precision": 0.9146341463414634,
    "recall": 0.872093023255814,
    "f1-score": 0.8928571428571429,
    "support": 86.0
  },
  "TEMPO": {
    "precision": 1.0,
    "recall": 0.8133333333333334,
    "f1-score": 0.8970588235294118,
    "support": 75.0
  },
  "ABSTRACAO": {
    "precision": 0.0,
    "recall": 0.0,
    "f1-score": 0.0,
    "support": 0.0
  },
  "ACONTECIMENTO": {
    "precision": 0.9047619047619048,
    "recall": 0.7307692307692307,
    "f1-score": 0.8085106382978723,
    "support": 26.0
  },
  "COISA": {
    "precision": 0.7272727272727273,
    "recall": 0.8,
    "f1-score": 0.7619047619047619,
    "support": 20.0
  },
  "OBRA": {
    "precision": 0.90625,
    "recall": 0.725,
    "f1-score": 0.8055555555555556,
    "support": 40.0
  },
  "OUTRO": {
    "precision": 0.5,
    "recall": 0.42857142857142855,
    "f1-score": 0.46153846153846156,
    "support": 7.0
  },
  "VALOR": {
    "precision": 1.0,
    "recall": 0.8636363636363636,
    "f1-score": 0.926829268292683,
    "support": 22.0
  },
  "micro avg": {
    "precision": 0.9085872576177285,
    "recall": 0.803921568627451,
    "f1-score": 0.8530559167750326,
    "support": 408.0
  },
  "macro avg": {
    "precision": 0.7746045238169221,
    "recall": 0.6799631893216322,
    "f1-score": 0.7223686871873444,
    "support": 408.0
  },
  "weighted avg": {
    "precision": 0.9117916679440272,
    "recall": 0.803921568627451,
    "f1-score": 0.8527737138118079,
    "support": 408.0
  },
  "samples avg": {
    "precision": 0.8730158730158729,
    "recall": 0.8580952380952381,
    "f1-score": 0.8576585583728442,
    "support": 408.0
  }
}