{
  "LOCAL": {
    "precision": 1.0,
    "recall": 0.7333333333333333,
    "f1-score": 0.8461538461538461,
    "support": 30.0
  },
  "ORGANIZACAO": {
    "precision": 0.9230769230769231,
    "recall": 0.6,
    "f1-score": 0.7272727272727273,
    "support": 20.0
  },
  "PESSOA": {
    "precision": 0.5,
    "recall": 0.375,
    "f1-score": 0.42857142857142855,
    "support": 8.0
  },
  "TEMPO": {
    "precision": 1.0,
    "recall": 0.5,
    "f1-score": 0.6666666666666666,
    "support": 16.0
  },
  "ABSTRACAO": {
    "precision": 0.0,
    "recall": 0.0,
    "f1-score": 0.0,
    "support": 0.0
  },
  "ACONTECIMENTO": {
    "precision": 1.0,
    "recall": 0.16666666666666666,
    "f1-score": 0.2857142857142857,
    "support": 6.0
  },
  "COISA": {
    "precision": 0.3333333333333333,
    "recall": 0.5,
    "f1-score": 0.4,
    "support": 2.0
  },
  "OBRA": {
    "precision": 0.25,
    "recall": 0.5,
    "f1-score": 0.3333333333333333,
    "support": 2.0
  },
  "OUTRO": {
    "precision": 0.0,
    "recall": 0.0,
    "f1-score": 0.0,
    "support": 2.0
  },
  "VALOR": {
    "precision": 0.9230769230769231,
    "recall": 0.631578947368421,
    "f1-score": 0.75,
    "support": 19.0
  },
  "micro avg": {
    "precision": 0.8450704225352113,
    "recall": 0.5714285714285714,
    "f1-score": 0.6818181818181818,
    "support": 105.0
  },
  "macro avg": {
    "precision": 0.592948717948718,
    "recall": 0.4006578947368421,
    "f1-score": 0.4437712287712287,
    "support": 105.0
  },
  "weighted avg": {
    "precision": 0.8873015873015875,
    "recall": 0.5714285714285714,
    "f1-score": 0.6805358133929563,
    "support": 105.0
  },
  "samples avg": {
    "precision": 0.6800925925925926,
    "recall": 0.6657407407407407,
    "f1-score": 0.6622214205547539,
    "support": 105.0
  }
}