{
  "LOCAL": {
    "precision": 0.8666666666666667,
    "recall": 0.7027027027027027,
    "f1-score": 0.7761194029850746,
    "support": 37.0
  },
  "ORGANIZACAO": {
    "precision": 0.8125,
    "recall": 0.52,
    "f1-score": 0.6341463414634146,
    "support": 25.0
  },
  "PESSOA": {
    "precision": 0.875,
    "recall": 0.6086956521739131,
    "f1-score": 0.717948717948718,
    "support": 23.0
  },
  "TEMPO": {
    "precision": 1.0,
    "recall": 0.5862068965517241,
    "f1-score": 0.7391304347826086,
    "support": 29.0
  },
  "ABSTRACAO": {
    "precision": 0.0,
    "recall": 0.0,
    "f1-score": 0.0,
    "support": 0.0
  },
  "ACONTECIMENTO": {
    "precision": 0.0,
    "recall": 0.0,
    "f1-score": 0.0,
    "support": 5.0
  },
  "COISA": {
    "precision": 0.4,
    "recall": 0.5,
    "f1-score": 0.4444444444444444,
    "support": 4.0
  },
  "OBRA": {
    "precision": 0.0,
    "recall": 0.0,
    "f1-score": 0.0,
    "support": 3.0
  },
  "OUTRO": {
    "precision": 0.0,
    "recall": 0.0,
    "f1-score": 0.0,
    "support": 3.0
  },
  "VALOR": {
    "precision": 0.9,
    "recall": 0.8181818181818182,
    "f1-score": 0.8571428571428571,
    "support": 22.0
  },
  "micro avg": {
    "precision": 0.8411214953271028,
    "recall": 0.5960264900662252,
    "f1-score": 0.6976744186046512,
    "support": 151.0
  },
  "macro avg": {
    "precision": 0.4854166666666667,
    "recall": 0.3735787069610158,
    "f1-score": 0.41689321987671174,
    "support": 151.0
  },
  "weighted avg": {
    "precision": 0.8139348785871964,
    "recall": 0.5960264900662252,
    "f1-score": 0.6831298026719863,
    "support": 151.0
  },
  "samples avg": {
    "precision": 0.7434426229508195,
    "recall": 0.753551912568306,
    "f1-score": 0.7327218319021597,
    "support": 151.0
  }
}