{
  "LOCAL": {
    "precision": 1.0,
    "recall": 0.6666666666666666,
    "f1-score": 0.8,
    "support": 33.0
  },
  "ORGANIZACAO": {
    "precision": 0.7777777777777778,
    "recall": 0.4827586206896552,
    "f1-score": 0.5957446808510638,
    "support": 29.0
  },
  "PESSOA": {
    "precision": 1.0,
    "recall": 0.6153846153846154,
    "f1-score": 0.7619047619047619,
    "support": 26.0
  },
  "TEMPO": {
    "precision": 1.0,
    "recall": 0.5833333333333334,
    "f1-score": 0.7368421052631579,
    "support": 24.0
  },
  "ABSTRACAO": {
    "precision": 0.0,
    "recall": 0.0,
    "f1-score": 0.0,
    "support": 0.0
  },
  "ACONTECIMENTO": {
    "precision": 1.0,
    "recall": 0.25,
    "f1-score": 0.4,
    "support": 8.0
  },
  "COISA": {
    "precision": 1.0,
    "recall": 0.6,
    "f1-score": 0.75,
    "support": 5.0
  },
  "OBRA": {
    "precision": 1.0,
    "recall": 0.45454545454545453,
    "f1-score": 0.625,
    "support": 11.0
  },
  "OUTRO": {
    "precision": 0.0,
    "recall": 0.0,
    "f1-score": 0.0,
    "support": 3.0
  },
  "VALOR": {
    "precision": 0.8571428571428571,
    "recall": 0.3,
    "f1-score": 0.4444444444444444,
    "support": 20.0
  },
  "micro avg": {
    "precision": 0.9318181818181818,
    "recall": 0.5157232704402516,
    "f1-score": 0.6639676113360324,
    "support": 159.0
  },
  "macro avg": {
    "precision": 0.7634920634920634,
    "recall": 0.3952688690619725,
    "f1-score": 0.5113935992463429,
    "support": 159.0
  },
  "weighted avg": {
    "precision": 0.9226315264051113,
    "recall": 0.5157232704402516,
    "f1-score": 0.6533598677321342,
    "support": 159.0
  },
  "samples avg": {
    "precision": 0.6423913043478261,
    "recall": 0.6115942028985508,
    "f1-score": 0.6191856452726018,
    "support": 159.0
  }
}