{
  "LOCAL": {
    "precision": 0.9354838709677419,
    "recall": 0.7837837837837838,
    "f1-score": 0.8529411764705882,
    "support": 37.0
  },
  "ORGANIZACAO": {
    "precision": 0.9615384615384616,
    "recall": 0.8064516129032258,
    "f1-score": 0.8771929824561403,
    "support": 31.0
  },
  "PESSOA": {
    "precision": 0.7777777777777778,
    "recall": 0.7777777777777778,
    "f1-score": 0.7777777777777778,
    "support": 27.0
  },
  "TEMPO": {
    "precision": 1.0,
    "recall": 0.8125,
    "f1-score": 0.896551724137931,
    "support": 16.0
  },
  "ABSTRACAO": {
    "precision": 0.0,
    "recall": 0.0,
    "f1-score": 0.0,
    "support": 0.0
  },
  "ACONTECIMENTO": {
    "precision": 1.0,
    "recall": 0.5,
    "f1-score": 0.6666666666666666,
    "support": 2.0
  },
  "COISA": {
    "precision": 0.3333333333333333,
    "recall": 0.125,
    "f1-score": 0.18181818181818182,
    "support": 8.0
  },
  "OBRA": {
    "precision": 1.0,
    "recall": 0.42857142857142855,
    "f1-score": 0.6,
    "support": 7.0
  },
  "OUTRO": {
    "precision": 0.5,
    "recall": 0.3333333333333333,
    "f1-score": 0.4,
    "support": 3.0
  },
  "VALOR": {
    "precision": 0.9,
    "recall": 0.782608695652174,
    "f1-score": 0.8372093023255814,
    "support": 23.0
  },
  "micro avg": {
    "precision": 0.8888888888888888,
    "recall": 0.7272727272727273,
    "f1-score": 0.8,
    "support": 154.0
  },
  "macro avg": {
    "precision": 0.7408133443617315,
    "recall": 0.5350026632021723,
    "f1-score": 0.6090157811652868,
    "support": 154.0
  },
  "weighted avg": {
    "precision": 0.8784887155854898,
    "recall": 0.7272727272727273,
    "f1-score": 0.7892228981371829,
    "support": 154.0
  },
  "samples avg": {
    "precision": 0.8020114942528735,
    "recall": 0.7974137931034483,
    "f1-score": 0.7891899288451012,
    "support": 154.0
  }
}