{
  "LOCAL": {
    "precision": 0.95,
    "recall": 0.6551724137931034,
    "f1-score": 0.7755102040816326,
    "support": 29.0
  },
  "ORGANIZACAO": {
    "precision": 1.0,
    "recall": 0.6129032258064516,
    "f1-score": 0.76,
    "support": 31.0
  },
  "PESSOA": {
    "precision": 1.0,
    "recall": 0.6666666666666666,
    "f1-score": 0.8,
    "support": 24.0
  },
  "TEMPO": {
    "precision": 1.0,
    "recall": 0.45454545454545453,
    "f1-score": 0.625,
    "support": 22.0
  },
  "ABSTRACAO": {
    "precision": 0.0,
    "recall": 0.0,
    "f1-score": 0.0,
    "support": 0.0
  },
  "ACONTECIMENTO": {
    "precision": 1.0,
    "recall": 0.2857142857142857,
    "f1-score": 0.4444444444444444,
    "support": 7.0
  },
  "COISA": {
    "precision": 0.5,
    "recall": 0.25,
    "f1-score": 0.3333333333333333,
    "support": 4.0
  },
  "OBRA": {
    "precision": 0.3333333333333333,
    "recall": 0.1111111111111111,
    "f1-score": 0.16666666666666666,
    "support": 9.0
  },
  "OUTRO": {
    "precision": 0.0,
    "recall": 0.0,
    "f1-score": 0.0,
    "support": 1.0
  },
  "VALOR": {
    "precision": 1.0,
    "recall": 0.5238095238095238,
    "f1-score": 0.6875,
    "support": 21.0
  },
  "micro avg": {
    "precision": 0.9404761904761905,
    "recall": 0.5337837837837838,
    "f1-score": 0.6810344827586207,
    "support": 148.0
  },
  "macro avg": {
    "precision": 0.6783333333333333,
    "recall": 0.3559922681446597,
    "f1-score": 0.45924546485260775,
    "support": 148.0
  },
  "weighted avg": {
    "precision": 0.929391891891892,
    "recall": 0.5337837837837838,
    "f1-score": 0.6714982456946742,
    "support": 148.0
  },
  "samples avg": {
    "precision": 0.6602272727272728,
    "recall": 0.6215909090909091,
    "f1-score": 0.6366341991341992,
    "support": 148.0
  }
}