{
  "fold": 7,
  "report": {
    "LOCAL": {
      "precision": 0.25,
      "recall": 0.011627906976744186,
      "f1-score": 0.022222222222222223,
      "support": 86.0
    },
    "ORGANIZACAO": {
      "precision": 0.2916666666666667,
      "recall": 0.7608695652173914,
      "f1-score": 0.42168674698795183,
      "support": 46.0
    },
    "PESSOA": {
      "precision": 0.25,
      "recall": 0.011627906976744186,
      "f1-score": 0.022222222222222223,
      "support": 86.0
    },
    "TEMPO": {
      "precision": 0.45454545454545453,
      "recall": 0.7333333333333333,
      "f1-score": 0.5612244897959183,
      "support": 75.0
    },
    "ABSTRACAO": {
      "precision": 0.0,
      "recall": 0.0,
      "f1-score": 0.0,
      "support": 0.0
    },
    "ACONTECIMENTO": {
      "precision": 0.25,
      "recall": 0.038461538461538464,
      "f1-score": 0.06666666666666667,
      "support": 26.0
    },
    "COISA": {
      "precision": 0.0,
      "recall": 0.0,
      "f1-score": 0.0,
      "support": 20.0
    },
    "OBRA": {
      "precision": 0.0,
      "recall": 0.0,
      "f1-score": 0.0,
      "support": 40.0
    },
    "OUTRO": {
      "precision": 0.0,
      "recall": 0.0,
      "f1-score": 0.0,
      "support": 7.0
    },
    "VALOR": {
      "precision": 0.0,
      "recall": 0.0,
      "f1-score": 0.0,
      "support": 22.0
    },
    "micro avg": {
      "precision": 0.34962406015037595,
      "recall": 0.22794117647058823,
      "f1-score": 0.27596439169139464,
      "support": 408.0
    },
    "macro avg": {
      "precision": 0.14962121212121213,
      "recall": 0.15559202509657516,
      "f1-score": 0.10940223478949813,
      "support": 408.0
    },
    "weighted avg": {
      "precision": 0.23776366607248958,
      "recall": 0.22794117647058823,
      "f1-score": 0.16432593787180197,
      "support": 408.0
    },
    "samples avg": {
      "precision": 0.16420978740473327,
      "recall": 0.13405535499398316,
      "f1-score": 0.1337144003208985,
      "support": 408.0
    }
  }
}