{
  "fold": 9,
  "report": {
    "LOCAL": {
      "precision": 0.3333333333333333,
      "recall": 0.023255813953488372,
      "f1-score": 0.043478260869565216,
      "support": 86.0
    },
    "ORGANIZACAO": {
      "precision": 0.22857142857142856,
      "recall": 0.5925925925925926,
      "f1-score": 0.32989690721649484,
      "support": 54.0
    },
    "PESSOA": {
      "precision": 0.6666666666666666,
      "recall": 0.03278688524590164,
      "f1-score": 0.0625,
      "support": 122.0
    },
    "TEMPO": {
      "precision": 0.2695035460992908,
      "recall": 0.475,
      "f1-score": 0.3438914027149321,
      "support": 80.0
    },
    "ABSTRACAO": {
      "precision": 0.0,
      "recall": 0.0,
      "f1-score": 0.0,
      "support": 0.0
    },
    "ACONTECIMENTO": {
      "precision": 0.0,
      "recall": 0.0,
      "f1-score": 0.0,
      "support": 23.0
    },
    "COISA": {
      "precision": 0.0,
      "recall": 0.0,
      "f1-score": 0.0,
      "support": 26.0
    },
    "OBRA": {
      "precision": 0.0,
      "recall": 0.0,
      "f1-score": 0.0,
      "support": 36.0
    },
    "OUTRO": {
      "precision": 0.0,
      "recall": 0.0,
      "f1-score": 0.0,
      "support": 6.0
    },
    "VALOR": {
      "precision": 0.0,
      "recall": 0.0,
      "f1-score": 0.0,
      "support": 9.0
    },
    "micro avg": {
      "precision": 0.23974763406940064,
      "recall": 0.17194570135746606,
      "f1-score": 0.2002635046113307,
      "support": 442.0
    },
    "macro avg": {
      "precision": 0.14980749746707195,
      "recall": 0.11236352917919827,
      "f1-score": 0.07797665708009922,
      "support": 442.0
    },
    "weighted avg": {
      "precision": 0.3255727168117656,
      "recall": 0.17194570135746606,
      "f1-score": 0.12825763719834368,
      "support": 442.0
    },
    "samples avg": {
      "precision": 0.09492622704004818,
      "recall": 0.09372822299651568,
      "f1-score": 0.08605685191051045,
      "support": 442.0
    }
  }
}