{
  "fold": 6,
  "report": {
    "LOCAL": {
      "precision": 0.0,
      "recall": 0.0,
      "f1-score": 0.0,
      "support": 55.0
    },
    "ORGANIZACAO": {
      "precision": 0.2647058823529412,
      "recall": 0.6585365853658537,
      "f1-score": 0.3776223776223776,
      "support": 41.0
    },
    "PESSOA": {
      "precision": 0.3333333333333333,
      "recall": 0.01098901098901099,
      "f1-score": 0.02127659574468085,
      "support": 91.0
    },
    "TEMPO": {
      "precision": 0.5196078431372549,
      "recall": 0.7464788732394366,
      "f1-score": 0.6127167630057804,
      "support": 71.0
    },
    "ABSTRACAO": {
      "precision": 0.0,
      "recall": 0.0,
      "f1-score": 0.0,
      "support": 0.0
    },
    "ACONTECIMENTO": {
      "precision": 0.0,
      "recall": 0.0,
      "f1-score": 0.0,
      "support": 25.0
    },
    "COISA": {
      "precision": 0.3333333333333333,
      "recall": 0.041666666666666664,
      "f1-score": 0.07407407407407407,
      "support": 24.0
    },
    "OBRA": {
      "precision": 0.3333333333333333,
      "recall": 0.03333333333333333,
      "f1-score": 0.06060606060606061,
      "support": 30.0
    },
    "OUTRO": {
      "precision": 0.0,
      "recall": 0.0,
      "f1-score": 0.0,
      "support": 6.0
    },
    "VALOR": {
      "precision": 0.5,
      "recall": 0.047619047619047616,
      "f1-score": 0.08695652173913043,
      "support": 21.0
    },
    "micro avg": {
      "precision": 0.375,
      "recall": 0.23076923076923078,
      "f1-score": 0.2857142857142857,
      "support": 364.0
    },
    "macro avg": {
      "precision": 0.2284313725490196,
      "recall": 0.1538623517213349,
      "f1-score": 0.1233252392792104,
      "support": 364.0
    },
    "weighted avg": {
      "precision": 0.2927978883861237,
      "recall": 0.23076923076923078,
      "f1-score": 0.18226270445377796,
      "support": 364.0
    },
    "samples avg": {
      "precision": 0.22545770202020202,
      "recall": 0.17367424242424245,
      "f1-score": 0.1805744129607766,
      "support": 364.0
    }
  }
}