{
  "fold": 1,
  "report": {
    "LOCAL": {
      "precision": 1.0,
      "recall": 0.02,
      "f1-score": 0.0392156862745098,
      "support": 50.0
    },
    "ORGANIZACAO": {
      "precision": 0.37362637362637363,
      "recall": 0.8292682926829268,
      "f1-score": 0.5151515151515151,
      "support": 41.0
    },
    "PESSOA": {
      "precision": 1.0,
      "recall": 0.015384615384615385,
      "f1-score": 0.030303030303030304,
      "support": 65.0
    },
    "TEMPO": {
      "precision": 0.46153846153846156,
      "recall": 0.6774193548387096,
      "f1-score": 0.5490196078431373,
      "support": 62.0
    },
    "ABSTRACAO": {
      "precision": 0.0,
      "recall": 0.0,
      "f1-score": 0.0,
      "support": 0.0
    },
    "ACONTECIMENTO": {
      "precision": 0.0,
      "recall": 0.0,
      "f1-score": 0.0,
      "support": 18.0
    },
    "COISA": {
      "precision": 0.0,
      "recall": 0.0,
      "f1-score": 0.0,
      "support": 18.0
    },
    "OBRA": {
      "precision": 0.0,
      "recall": 0.0,
      "f1-score": 0.0,
      "support": 21.0
    },
    "OUTRO": {
      "precision": 0.0,
      "recall": 0.0,
      "f1-score": 0.0,
      "support": 5.0
    },
    "VALOR": {
      "precision": 0.0,
      "recall": 0.0,
      "f1-score": 0.0,
      "support": 34.0
    },
    "micro avg": {
      "precision": 0.4126984126984127,
      "recall": 0.2484076433121019,
      "f1-score": 0.3101391650099404,
      "support": 314.0
    },
    "macro avg": {
      "precision": 0.2835164835164835,
      "recall": 0.1542072262906252,
      "f1-score": 0.11336898395721925,
      "support": 314.0
    },
    "weighted avg": {
      "precision": 0.5061594456498915,
      "recall": 0.2484076433121019,
      "f1-score": 0.18818760856977418,
      "support": 314.0
    },
    "samples avg": {
      "precision": 0.2761557177615571,
      "recall": 0.19756690997566906,
      "f1-score": 0.218943343760862,
      "support": 314.0
    }
  }
}