{
  "fold": 2,
  "report": {
    "JURISPRUDENCIA": {
      "precision": 0.3939393939393939,
      "recall": 0.0948905109489051,
      "f1-score": 0.15294117647058825,
      "support": 137.0
    },
    "LEGISLACAO": {
      "precision": 0.8448275862068966,
      "recall": 0.26344086021505375,
      "f1-score": 0.4016393442622951,
      "support": 186.0
    },
    "LOCAL": {
      "precision": 0.75,
      "recall": 0.2571428571428571,
      "f1-score": 0.3829787234042553,
      "support": 35.0
    },
    "ORGANIZACAO": {
      "precision": 0.6428571428571429,
      "recall": 0.1978021978021978,
      "f1-score": 0.3025210084033613,
      "support": 182.0
    },
    "PESSOA": {
      "precision": 0.9142857142857143,
      "recall": 0.2857142857142857,
      "f1-score": 0.43537414965986393,
      "support": 112.0
    },
    "TEMPO": {
      "precision": 0.9285714285714286,
      "recall": 0.21311475409836064,
      "f1-score": 0.3466666666666667,
      "support": 122.0
    },
    "micro avg": {
      "precision": 0.7432432432432432,
      "recall": 0.2131782945736434,
      "f1-score": 0.3313253012048193,
      "support": 774.0
    },
    "macro avg": {
      "precision": 0.7457468776434294,
      "recall": 0.2186842443202767,
      "f1-score": 0.3370201781445051,
      "support": 774.0
    },
    "weighted avg": {
      "precision": 0.7364901063176925,
      "recall": 0.2131782945736434,
      "f1-score": 0.3296849821098918,
      "support": 774.0
    },
    "samples avg": {
      "precision": 0.10692307692307693,
      "recall": 0.10874358974358975,
      "f1-score": 0.10607692307692305,
      "support": 774.0
    }
  }
}