{
  "fold": 3,
  "report": {
    "JURISPRUDENCIA": {
      "precision": 0.45454545454545453,
      "recall": 0.03875968992248062,
      "f1-score": 0.07142857142857142,
      "support": 129.0
    },
    "LEGISLACAO": {
      "precision": 0.7272727272727273,
      "recall": 0.23255813953488372,
      "f1-score": 0.3524229074889868,
      "support": 172.0
    },
    "LOCAL": {
      "precision": 0.5,
      "recall": 0.2545454545454545,
      "f1-score": 0.3373493975903614,
      "support": 55.0
    },
    "ORGANIZACAO": {
      "precision": 0.8059701492537313,
      "recall": 0.20454545454545456,
      "f1-score": 0.32628398791540786,
      "support": 264.0
    },
    "PESSOA": {
      "precision": 0.9487179487179487,
      "recall": 0.2215568862275449,
      "f1-score": 0.3592233009708738,
      "support": 167.0
    },
    "TEMPO": {
      "precision": 0.95,
      "recall": 0.18446601941747573,
      "f1-score": 0.3089430894308943,
      "support": 103.0
    },
    "micro avg": {
      "precision": 0.7681818181818182,
      "recall": 0.1898876404494382,
      "f1-score": 0.3045045045045045,
      "support": 890.0
    },
    "macro avg": {
      "precision": 0.731084379964977,
      "recall": 0.18940527403221566,
      "f1-score": 0.2926085424708493,
      "support": 890.0
    },
    "weighted avg": {
      "precision": 0.764369988276579,
      "recall": 0.1898876404494382,
      "f1-score": 0.29925353365510904,
      "support": 890.0
    },
    "samples avg": {
      "precision": 0.1395582329317269,
      "recall": 0.1313420348058902,
      "f1-score": 0.132625741059476,
      "support": 890.0
    }
  }
}