{
  "fold": 5,
  "report": {
    "JURISPRUDENCIA": {
      "precision": 0.2962962962962963,
      "recall": 0.13333333333333333,
      "f1-score": 0.1839080459770115,
      "support": 60.0
    },
    "LEGISLACAO": {
      "precision": 0.7407407407407407,
      "recall": 0.22598870056497175,
      "f1-score": 0.3463203463203463,
      "support": 177.0
    },
    "LOCAL": {
      "precision": 0.625,
      "recall": 0.13157894736842105,
      "f1-score": 0.21739130434782608,
      "support": 38.0
    },
    "ORGANIZACAO": {
      "precision": 0.6304347826086957,
      "recall": 0.18238993710691823,
      "f1-score": 0.28292682926829266,
      "support": 159.0
    },
    "PESSOA": {
      "precision": 0.9285714285714286,
      "recall": 0.24299065420560748,
      "f1-score": 0.3851851851851852,
      "support": 107.0
    },
    "TEMPO": {
      "precision": 1.0,
      "recall": 0.17272727272727273,
      "f1-score": 0.29457364341085274,
      "support": 110.0
    },
    "micro avg": {
      "precision": 0.6978021978021978,
      "recall": 0.19508448540706605,
      "f1-score": 0.304921968787515,
      "support": 651.0
    },
    "macro avg": {
      "precision": 0.7035072080361936,
      "recall": 0.1815014742177541,
      "f1-score": 0.28505089241825243,
      "support": 651.0
    },
    "weighted avg": {
      "precision": 0.7407606177892693,
      "recall": 0.19508448540706605,
      "f1-score": 0.30598668980984106,
      "support": 651.0
    },
    "samples avg": {
      "precision": 0.13437625350982751,
      "recall": 0.1275972723626153,
      "f1-score": 0.12803850782190132,
      "support": 651.0
    }
  }
}