{
  "fold": 7,
  "report": {
    "JURISPRUDENCIA": {
      "precision": 0.3333333333333333,
      "recall": 0.030612244897959183,
      "f1-score": 0.056074766355140186,
      "support": 98.0
    },
    "LEGISLACAO": {
      "precision": 0.7692307692307693,
      "recall": 0.17045454545454544,
      "f1-score": 0.27906976744186046,
      "support": 176.0
    },
    "LOCAL": {
      "precision": 0.7,
      "recall": 0.18421052631578946,
      "f1-score": 0.2916666666666667,
      "support": 38.0
    },
    "ORGANIZACAO": {
      "precision": 0.7142857142857143,
      "recall": 0.16806722689075632,
      "f1-score": 0.272108843537415,
      "support": 238.0
    },
    "PESSOA": {
      "precision": 0.9166666666666666,
      "recall": 0.19130434782608696,
      "f1-score": 0.31654676258992803,
      "support": 115.0
    },
    "TEMPO": {
      "precision": 0.9310344827586207,
      "recall": 0.17197452229299362,
      "f1-score": 0.2903225806451613,
      "support": 157.0
    },
    "micro avg": {
      "precision": 0.7724550898203593,
      "recall": 0.15693430656934307,
      "f1-score": 0.2608695652173913,
      "support": 822.0
    },
    "macro avg": {
      "precision": 0.7274251610458506,
      "recall": 0.15277056894635518,
      "f1-score": 0.25096489787269527,
      "support": 822.0
    },
    "weighted avg": {
      "precision": 0.7496841393078493,
      "recall": 0.15693430656934307,
      "f1-score": 0.25844326901087755,
      "support": 822.0
    },
    "samples avg": {
      "precision": 0.13065843621399176,
      "recall": 0.12082304526748971,
      "f1-score": 0.12242798353909463,
      "support": 822.0
    }
  }
}