{
  "fold": 9,
  "report": {
    "JURISPRUDENCIA": {
      "precision": 0.20408163265306123,
      "recall": 0.06944444444444445,
      "f1-score": 0.10362694300518134,
      "support": 144.0
    },
    "LEGISLACAO": {
      "precision": 0.7714285714285715,
      "recall": 0.27411167512690354,
      "f1-score": 0.4044943820224719,
      "support": 197.0
    },
    "LOCAL": {
      "precision": 0.8947368421052632,
      "recall": 0.38636363636363635,
      "f1-score": 0.5396825396825397,
      "support": 44.0
    },
    "ORGANIZACAO": {
      "precision": 0.7394957983193278,
      "recall": 0.3651452282157676,
      "f1-score": 0.4888888888888889,
      "support": 241.0
    },
    "PESSOA": {
      "precision": 0.9516129032258065,
      "recall": 0.30569948186528495,
      "f1-score": 0.4627450980392157,
      "support": 193.0
    },
    "TEMPO": {
      "precision": 0.9302325581395349,
      "recall": 0.21052631578947367,
      "f1-score": 0.34334763948497854,
      "support": 190.0
    },
    "micro avg": {
      "precision": 0.7403314917127072,
      "recall": 0.26560951437066405,
      "f1-score": 0.39095550692924874,
      "support": 1009.0
    },
    "macro avg": {
      "precision": 0.7485980509785942,
      "recall": 0.2685484636342518,
      "f1-score": 0.390464248520546,
      "support": 1009.0
    },
    "weighted avg": {
      "precision": 0.7525783632211609,
      "recall": 0.26560951437066405,
      "f1-score": 0.3872366525700115,
      "support": 1009.0
    },
    "samples avg": {
      "precision": 0.13490482514386895,
      "recall": 0.13401947764497565,
      "f1-score": 0.13149623727312967,
      "support": 1009.0
    }
  }
}