{
  "fold": 1,
  "report": {
    "JURISPRUDENCIA": {
      "precision": 0.6153846153846154,
      "recall": 0.10126582278481013,
      "f1-score": 0.17391304347826086,
      "support": 158.0
    },
    "LEGISLACAO": {
      "precision": 0.8923076923076924,
      "recall": 0.25892857142857145,
      "f1-score": 0.4013840830449827,
      "support": 224.0
    },
    "LOCAL": {
      "precision": 0.3684210526315789,
      "recall": 0.21875,
      "f1-score": 0.27450980392156865,
      "support": 32.0
    },
    "ORGANIZACAO": {
      "precision": 0.576271186440678,
      "recall": 0.17894736842105263,
      "f1-score": 0.27309236947791166,
      "support": 190.0
    },
    "PESSOA": {
      "precision": 1.0,
      "recall": 0.17073170731707318,
      "f1-score": 0.2916666666666667,
      "support": 82.0
    },
    "TEMPO": {
      "precision": 0.8888888888888888,
      "recall": 0.11940298507462686,
      "f1-score": 0.21052631578947367,
      "support": 67.0
    },
    "micro avg": {
      "precision": 0.7135416666666666,
      "recall": 0.18193891102257637,
      "f1-score": 0.28994708994708995,
      "support": 753.0
    },
    "macro avg": {
      "precision": 0.723545572608909,
      "recall": 0.17467107583768904,
      "f1-score": 0.27084871372981073,
      "support": 753.0
    },
    "weighted avg": {
      "precision": 0.7436178578634625,
      "recall": 0.18193891102257637,
      "f1-score": 0.2869616058731688,
      "support": 753.0
    },
    "samples avg": {
      "precision": 0.1019644527595884,
      "recall": 0.10399126909884628,
      "f1-score": 0.1006859993763642,
      "support": 753.0
    }
  }
}