{
  "fold": 6,
  "report": {
    "JURISPRUDENCIA": {
      "precision": 0.21739130434782608,
      "recall": 0.04504504504504504,
      "f1-score": 0.07462686567164178,
      "support": 111.0
    },
    "LEGISLACAO": {
      "precision": 0.8545454545454545,
      "recall": 0.23267326732673269,
      "f1-score": 0.3657587548638132,
      "support": 202.0
    },
    "LOCAL": {
      "precision": 0.5,
      "recall": 0.16666666666666666,
      "f1-score": 0.25,
      "support": 48.0
    },
    "ORGANIZACAO": {
      "precision": 0.8095238095238095,
      "recall": 0.24285714285714285,
      "f1-score": 0.37362637362637363,
      "support": 210.0
    },
    "PESSOA": {
      "precision": 0.9245283018867925,
      "recall": 0.2916666666666667,
      "f1-score": 0.4434389140271493,
      "support": 168.0
    },
    "TEMPO": {
      "precision": 0.967741935483871,
      "recall": 0.2054794520547945,
      "f1-score": 0.3389830508474576,
      "support": 146.0
    },
    "micro avg": {
      "precision": 0.7883817427385892,
      "recall": 0.21468926553672316,
      "f1-score": 0.33747779751332146,
      "support": 885.0
    },
    "macro avg": {
      "precision": 0.7122884676312923,
      "recall": 0.19739804010284143,
      "f1-score": 0.3077389931727393,
      "support": 885.0
    },
    "weighted avg": {
      "precision": 0.7766776202241996,
      "recall": 0.21468926553672316,
      "f1-score": 0.33516118871623823,
      "support": 885.0
    },
    "samples avg": {
      "precision": 0.1693798449612403,
      "recall": 0.16156976744186044,
      "f1-score": 0.1610658914728682,
      "support": 885.0
    }
  }
}