{
  "fold": 0,
  "report": {
    "JURISPRUDENCIA": {
      "precision": 0.4583333333333333,
      "recall": 0.10679611650485436,
      "f1-score": 0.1732283464566929,
      "support": 103.0
    },
    "LEGISLACAO": {
      "precision": 0.7444444444444445,
      "recall": 0.335,
      "f1-score": 0.46206896551724136,
      "support": 200.0
    },
    "LOCAL": {
      "precision": 0.6129032258064516,
      "recall": 0.2375,
      "f1-score": 0.34234234234234234,
      "support": 80.0
    },
    "ORGANIZACAO": {
      "precision": 0.75,
      "recall": 0.24193548387096775,
      "f1-score": 0.36585365853658536,
      "support": 186.0
    },
    "PESSOA": {
      "precision": 0.9523809523809523,
      "recall": 0.20408163265306123,
      "f1-score": 0.33613445378151263,
      "support": 98.0
    },
    "TEMPO": {
      "precision": 0.8333333333333334,
      "recall": 0.10638297872340426,
      "f1-score": 0.18867924528301888,
      "support": 94.0
    },
    "micro avg": {
      "precision": 0.7226890756302521,
      "recall": 0.22601839684625494,
      "f1-score": 0.34434434434434436,
      "support": 761.0
    },
    "macro avg": {
      "precision": 0.7252325482164191,
      "recall": 0.2052827019587146,
      "f1-score": 0.31138450198623224,
      "support": 761.0
    },
    "weighted avg": {
      "precision": 0.731006763407891,
      "recall": 0.22601839684625494,
      "f1-score": 0.3368850278460866,
      "support": 761.0
    },
    "samples avg": {
      "precision": 0.17602150537634406,
      "recall": 0.17393548387096772,
      "f1-score": 0.17026420890937016,
      "support": 761.0
    }
  }
}