{
  "JURISPRUDENCIA": {
    "precision": 0.9636363636363636,
    "recall": 0.8217054263565892,
    "f1-score": 0.8870292887029289,
    "support": 129.0
  },
  "LEGISLACAO": {
    "precision": 0.8549222797927462,
    "recall": 0.9593023255813954,
    "f1-score": 0.9041095890410958,
    "support": 172.0
  },
  "LOCAL": {
    "precision": 0.6417910447761194,
    "recall": 0.7818181818181819,
    "f1-score": 0.7049180327868853,
    "support": 55.0
  },
  "ORGANIZACAO": {
    "precision": 0.9105058365758755,
    "recall": 0.8863636363636364,
    "f1-score": 0.8982725527831094,
    "support": 264.0
  },
  "PESSOA": {
    "precision": 0.9930555555555556,
    "recall": 0.8562874251497006,
    "f1-score": 0.9196141479099679,
    "support": 167.0
  },
  "TEMPO": {
    "precision": 0.811965811965812,
    "recall": 0.9223300970873787,
    "f1-score": 0.8636363636363636,
    "support": 103.0
  },
  "micro avg": {
    "precision": 0.8851351351351351,
    "recall": 0.8831460674157303,
    "f1-score": 0.8841394825646794,
    "support": 890.0
  },
  "macro avg": {
    "precision": 0.8626461487170786,
    "recall": 0.8713011820594803,
    "f1-score": 0.8629299958100584,
    "support": 890.0
  },
  "weighted avg": {
    "precision": 0.8949444132161993,
    "recall": 0.8831460674157303,
    "f1-score": 0.885818181405928,
    "support": 890.0
  },
  "samples avg": {
    "precision": 0.8931010928961748,
    "recall": 0.9130122950819672,
    "f1-score": 0.8932214415820974,
    "support": 890.0
  }
}