{
  "JURISPRUDENCIA": {
    "precision": 0.9894736842105263,
    "recall": 0.8468468468468469,
    "f1-score": 0.912621359223301,
    "support": 111.0
  },
  "LEGISLACAO": {
    "precision": 0.9893617021276596,
    "recall": 0.9207920792079208,
    "f1-score": 0.9538461538461539,
    "support": 202.0
  },
  "LOCAL": {
    "precision": 0.9111111111111111,
    "recall": 0.8541666666666666,
    "f1-score": 0.8817204301075269,
    "support": 48.0
  },
  "ORGANIZACAO": {
    "precision": 0.9104477611940298,
    "recall": 0.8714285714285714,
    "f1-score": 0.8905109489051095,
    "support": 210.0
  },
  "PESSOA": {
    "precision": 0.9935064935064936,
    "recall": 0.9107142857142857,
    "f1-score": 0.9503105590062112,
    "support": 168.0
  },
  "TEMPO": {
    "precision": 0.9848484848484849,
    "recall": 0.8904109589041096,
    "f1-score": 0.935251798561151,
    "support": 146.0
  },
  "micro avg": {
    "precision": 0.9656441717791411,
    "recall": 0.8892655367231639,
    "f1-score": 0.9258823529411765,
    "support": 885.0
  },
  "macro avg": {
    "precision": 0.9631248728330508,
    "recall": 0.8823932347947334,
    "f1-score": 0.920710208274909,
    "support": 885.0
  },
  "weighted avg": {
    "precision": 0.9664485600657683,
    "recall": 0.8892655367231639,
    "f1-score": 0.9259962829027291,
    "support": 885.0
  },
  "samples avg": {
    "precision": 0.9226568005637773,
    "recall": 0.9255109231853418,
    "f1-score": 0.9193731333266217,
    "support": 885.0
  }
}