{
  "JURISPRUDENCIA": {
    "precision": 0.9603960396039604,
    "recall": 0.941747572815534,
    "f1-score": 0.9509803921568627,
    "support": 103.0
  },
  "LEGISLACAO": {
    "precision": 0.9896907216494846,
    "recall": 0.96,
    "f1-score": 0.9746192893401016,
    "support": 200.0
  },
  "LOCAL": {
    "precision": 0.7733333333333333,
    "recall": 0.725,
    "f1-score": 0.7483870967741936,
    "support": 80.0
  },
  "ORGANIZACAO": {
    "precision": 0.8971428571428571,
    "recall": 0.8440860215053764,
    "f1-score": 0.8698060941828255,
    "support": 186.0
  },
  "PESSOA": {
    "precision": 0.9888888888888889,
    "recall": 0.9081632653061225,
    "f1-score": 0.9468085106382979,
    "support": 98.0
  },
  "TEMPO": {
    "precision": 0.9886363636363636,
    "recall": 0.925531914893617,
    "f1-score": 0.9560439560439561,
    "support": 94.0
  },
  "micro avg": {
    "precision": 0.9405255878284924,
    "recall": 0.8935611038107752,
    "f1-score": 0.9164420485175202,
    "support": 761.0
  },
  "macro avg": {
    "precision": 0.9330147007091479,
    "recall": 0.8840881290867751,
    "f1-score": 0.907774223189373,
    "support": 761.0
  },
  "weighted avg": {
    "precision": 0.9401276002592278,
    "recall": 0.8935611038107752,
    "f1-score": 0.9161433711311476,
    "support": 761.0
  },
  "samples avg": {
    "precision": 0.917693522906793,
    "recall": 0.9083333333333334,
    "f1-score": 0.907251766138022,
    "support": 761.0
  }
}