{
  "JURISPRUDENCIA": {
    "precision": 0.957983193277311,
    "recall": 0.926829268292683,
    "f1-score": 0.9421487603305785,
    "support": 123.0
  },
  "LEGISLACAO": {
    "precision": 0.9598214285714286,
    "recall": 0.9598214285714286,
    "f1-score": 0.9598214285714286,
    "support": 224.0
  },
  "LOCAL": {
    "precision": 0.8461538461538461,
    "recall": 0.8148148148148148,
    "f1-score": 0.8301886792452831,
    "support": 27.0
  },
  "ORGANIZACAO": {
    "precision": 0.9695817490494296,
    "recall": 0.9107142857142857,
    "f1-score": 0.9392265193370166,
    "support": 280.0
  },
  "PESSOA": {
    "precision": 0.9743589743589743,
    "recall": 0.9421487603305785,
    "f1-score": 0.957983193277311,
    "support": 121.0
  },
  "TEMPO": {
    "precision": 1.0,
    "recall": 0.9281045751633987,
    "f1-score": 0.9627118644067797,
    "support": 153.0
  },
  "micro avg": {
    "precision": 0.9674523007856342,
    "recall": 0.9288793103448276,
    "f1-score": 0.9477735019241341,
    "support": 928.0
  },
  "macro avg": {
    "precision": 0.9513165319018316,
    "recall": 0.9137388554811983,
    "f1-score": 0.9320134075280663,
    "support": 928.0
  },
  "weighted avg": {
    "precision": 0.9677353580285984,
    "recall": 0.9288793103448276,
    "f1-score": 0.9477302790037072,
    "support": 928.0
  },
  "samples avg": {
    "precision": 0.9610051993067591,
    "recall": 0.9532062391681109,
    "f1-score": 0.9512833209540316,
    "support": 928.0
  }
}