{
  "JURISPRUDENCIA": {
    "precision": 0.9931972789115646,
    "recall": 0.9240506329113924,
    "f1-score": 0.9573770491803278,
    "support": 158.0
  },
  "LEGISLACAO": {
    "precision": 0.9819004524886877,
    "recall": 0.96875,
    "f1-score": 0.9752808988764045,
    "support": 224.0
  },
  "LOCAL": {
    "precision": 0.8888888888888888,
    "recall": 1.0,
    "f1-score": 0.9411764705882353,
    "support": 32.0
  },
  "ORGANIZACAO": {
    "precision": 0.9672131147540983,
    "recall": 0.9315789473684211,
    "f1-score": 0.9490616621983914,
    "support": 190.0
  },
  "PESSOA": {
    "precision": 0.9859154929577465,
    "recall": 0.8536585365853658,
    "f1-score": 0.9150326797385621,
    "support": 82.0
  },
  "TEMPO": {
    "precision": 0.9692307692307692,
    "recall": 0.9402985074626866,
    "f1-score": 0.9545454545454546,
    "support": 67.0
  },
  "micro avg": {
    "precision": 0.975103734439834,
    "recall": 0.9362549800796812,
    "f1-score": 0.9552845528455285,
    "support": 753.0
  },
  "macro avg": {
    "precision": 0.964390999538626,
    "recall": 0.9363894373879776,
    "f1-score": 0.9487457025212294,
    "support": 753.0
  },
  "weighted avg": {
    "precision": 0.9759220977877995,
    "recall": 0.9362549800796812,
    "f1-score": 0.9550532313259389,
    "support": 753.0
  },
  "samples avg": {
    "precision": 0.9462719298245614,
    "recall": 0.9504020467836257,
    "f1-score": 0.9454956836535785,
    "support": 753.0
  }
}