{
  "JURISPRUDENCIA": {
    "precision": 0.9784172661870504,
    "recall": 0.9444444444444444,
    "f1-score": 0.9611307420494699,
    "support": 144.0
  },
  "LEGISLACAO": {
    "precision": 0.9742268041237113,
    "recall": 0.9593908629441624,
    "f1-score": 0.9667519181585678,
    "support": 197.0
  },
  "LOCAL": {
    "precision": 1.0,
    "recall": 0.8636363636363636,
    "f1-score": 0.926829268292683,
    "support": 44.0
  },
  "ORGANIZACAO": {
    "precision": 0.9338842975206612,
    "recall": 0.9377593360995851,
    "f1-score": 0.9358178053830227,
    "support": 241.0
  },
  "PESSOA": {
    "precision": 0.9945945945945946,
    "recall": 0.9533678756476683,
    "f1-score": 0.9735449735449735,
    "support": 193.0
  },
  "TEMPO": {
    "precision": 1.0,
    "recall": 0.9736842105263158,
    "f1-score": 0.9866666666666667,
    "support": 190.0
  },
  "micro avg": {
    "precision": 0.9745676500508647,
    "recall": 0.9494549058473737,
    "f1-score": 0.9618473895582329,
    "support": 1009.0
  },
  "macro avg": {
    "precision": 0.9801871604043363,
    "recall": 0.93871384888309,
    "f1-score": 0.958456895682564,
    "support": 1009.0
  },
  "weighted avg": {
    "precision": 0.9750620804782384,
    "recall": 0.9494549058473737,
    "f1-score": 0.9618695542075268,
    "support": 1009.0
  },
  "samples avg": {
    "precision": 0.9630233822729743,
    "recall": 0.9614192495921695,
    "f1-score": 0.9590577177037211,
    "support": 1009.0
  }
}