{
  "JURISPRUDENCIA": {
    "precision": 0.9555555555555556,
    "recall": 0.9416058394160584,
    "f1-score": 0.9485294117647058,
    "support": 137.0
  },
  "LEGISLACAO": {
    "precision": 0.9891891891891892,
    "recall": 0.9838709677419355,
    "f1-score": 0.9865229110512129,
    "support": 186.0
  },
  "LOCAL": {
    "precision": 0.8333333333333334,
    "recall": 0.8571428571428571,
    "f1-score": 0.8450704225352113,
    "support": 35.0
  },
  "ORGANIZACAO": {
    "precision": 0.9698795180722891,
    "recall": 0.8846153846153846,
    "f1-score": 0.9252873563218391,
    "support": 182.0
  },
  "PESSOA": {
    "precision": 0.990909090909091,
    "recall": 0.9732142857142857,
    "f1-score": 0.9819819819819819,
    "support": 112.0
  },
  "TEMPO": {
    "precision": 1.0,
    "recall": 0.9508196721311475,
    "f1-score": 0.9747899159663865,
    "support": 122.0
  },
  "micro avg": {
    "precision": 0.9732620320855615,
    "recall": 0.9405684754521964,
    "f1-score": 0.9566360052562418,
    "support": 774.0
  },
  "macro avg": {
    "precision": 0.9564777811765763,
    "recall": 0.9318781677936115,
    "f1-score": 0.9436969999368895,
    "support": 774.0
  },
  "weighted avg": {
    "precision": 0.9736005910050927,
    "recall": 0.9405684754521964,
    "f1-score": 0.9564960028895072,
    "support": 774.0
  },
  "samples avg": {
    "precision": 0.9643702157272095,
    "recall": 0.9574808629088378,
    "f1-score": 0.9563674321503132,
    "support": 774.0
  }
}