{
  "JURISPRUDENCIA": {
    "precision": 0.8688524590163934,
    "recall": 0.8833333333333333,
    "f1-score": 0.8760330578512396,
    "support": 60.0
  },
  "LEGISLACAO": {
    "precision": 0.9884393063583815,
    "recall": 0.9661016949152542,
    "f1-score": 0.9771428571428571,
    "support": 177.0
  },
  "LOCAL": {
    "precision": 0.9655172413793104,
    "recall": 0.7368421052631579,
    "f1-score": 0.835820895522388,
    "support": 38.0
  },
  "ORGANIZACAO": {
    "precision": 0.9219858156028369,
    "recall": 0.8176100628930818,
    "f1-score": 0.8666666666666667,
    "support": 159.0
  },
  "PESSOA": {
    "precision": 0.9797979797979798,
    "recall": 0.9065420560747663,
    "f1-score": 0.941747572815534,
    "support": 107.0
  },
  "TEMPO": {
    "precision": 0.9711538461538461,
    "recall": 0.9181818181818182,
    "f1-score": 0.9439252336448598,
    "support": 110.0
  },
  "micro avg": {
    "precision": 0.9555189456342669,
    "recall": 0.890937019969278,
    "f1-score": 0.9220985691573926,
    "support": 651.0
  },
  "macro avg": {
    "precision": 0.949291108051458,
    "recall": 0.8714351784435687,
    "f1-score": 0.9068893806072577,
    "support": 651.0
  },
  "weighted avg": {
    "precision": 0.9555078518202594,
    "recall": 0.890937019969278,
    "f1-score": 0.9211616424076922,
    "support": 651.0
  },
  "samples avg": {
    "precision": 0.932981530343008,
    "recall": 0.9372471416007035,
    "f1-score": 0.9296394019349166,
    "support": 651.0
  }
}