{
  "JURISPRUDENCIA": {
    "precision": 0.9479166666666666,
    "recall": 0.9285714285714286,
    "f1-score": 0.9381443298969072,
    "support": 98.0
  },
  "LEGISLACAO": {
    "precision": 0.9378531073446328,
    "recall": 0.9431818181818182,
    "f1-score": 0.9405099150141643,
    "support": 176.0
  },
  "LOCAL": {
    "precision": 0.7804878048780488,
    "recall": 0.8421052631578947,
    "f1-score": 0.810126582278481,
    "support": 38.0
  },
  "ORGANIZACAO": {
    "precision": 0.9313304721030042,
    "recall": 0.9117647058823529,
    "f1-score": 0.921443736730361,
    "support": 238.0
  },
  "PESSOA": {
    "precision": 0.9908256880733946,
    "recall": 0.9391304347826087,
    "f1-score": 0.9642857142857143,
    "support": 115.0
  },
  "TEMPO": {
    "precision": 0.9731543624161074,
    "recall": 0.9235668789808917,
    "f1-score": 0.9477124183006536,
    "support": 157.0
  },
  "micro avg": {
    "precision": 0.9428571428571428,
    "recall": 0.9233576642335767,
    "f1-score": 0.9330055316533498,
    "support": 822.0
  },
  "macro avg": {
    "precision": 0.9269280169136422,
    "recall": 0.9147200882594991,
    "f1-score": 0.9203704494177135,
    "support": 822.0
  },
  "weighted avg": {
    "precision": 0.9440430148414098,
    "recall": 0.9233576642335767,
    "f1-score": 0.9333820141810921,
    "support": 822.0
  },
  "samples avg": {
    "precision": 0.9332941176470589,
    "recall": 0.9389803921568627,
    "f1-score": 0.9275974874798404,
    "support": 822.0
  }
}