{
  "fold": 1,
  "report": {
    "LOCAL": {
      "precision": 1.0,
      "recall": 0.09090909090909091,
      "f1-score": 0.16666666666666666,
      "support": 11.0
    },
    "ORGANIZACAO": {
      "precision": 0.0,
      "recall": 0.0,
      "f1-score": 0.0,
      "support": 8.0
    },
    "PESSOA": {
      "precision": 1.0,
      "recall": 0.09090909090909091,
      "f1-score": 0.16666666666666666,
      "support": 11.0
    },
    "TEMPO": {
      "precision": 0.0,
      "recall": 0.0,
      "f1-score": 0.0,
      "support": 8.0
    },
    "ABSTRACAO": {
      "precision": 0.0,
      "recall": 0.0,
      "f1-score": 0.0,
      "support": 0.0
    },
    "ACONTECIMENTO": {
      "precision": 0.0,
      "recall": 0.0,
      "f1-score": 0.0,
      "support": 1.0
    },
    "COISA": {
      "precision": 0.0,
      "recall": 0.0,
      "f1-score": 0.0,
      "support": 2.0
    },
    "OBRA": {
      "precision": 0.0,
      "recall": 0.0,
      "f1-score": 0.0,
      "support": 2.0
    },
    "OUTRO": {
      "precision": 0.0,
      "recall": 0.0,
      "f1-score": 0.0,
      "support": 1.0
    },
    "VALOR": {
      "precision": 1.0,
      "recall": 0.1111111111111111,
      "f1-score": 0.2,
      "support": 9.0
    },
    "micro avg": {
      "precision": 0.5,
      "recall": 0.05660377358490566,
      "f1-score": 0.1016949152542373,
      "support": 53.0
    },
    "macro avg": {
      "precision": 0.3,
      "recall": 0.029292929292929294,
      "f1-score": 0.05333333333333333,
      "support": 53.0
    },
    "weighted avg": {
      "precision": 0.5849056603773585,
      "recall": 0.05660377358490566,
      "f1-score": 0.10314465408805032,
      "support": 53.0
    },
    "samples avg": {
      "precision": 0.03333333333333333,
      "recall": 0.05,
      "f1-score": 0.04,
      "support": 53.0
    }
  }
}