{
  "fold": 6,
  "report": {
    "LOCAL": {
      "precision": 1.0,
      "recall": 0.0625,
      "f1-score": 0.11764705882352941,
      "support": 16.0
    },
    "ORGANIZACAO": {
      "precision": 0.0,
      "recall": 0.0,
      "f1-score": 0.0,
      "support": 12.0
    },
    "PESSOA": {
      "precision": 1.0,
      "recall": 0.09090909090909091,
      "f1-score": 0.16666666666666666,
      "support": 11.0
    },
    "TEMPO": {
      "precision": 0.0,
      "recall": 0.0,
      "f1-score": 0.0,
      "support": 10.0
    },
    "ABSTRACAO": {
      "precision": 0.0,
      "recall": 0.0,
      "f1-score": 0.0,
      "support": 0.0
    },
    "ACONTECIMENTO": {
      "precision": 0.0,
      "recall": 0.0,
      "f1-score": 0.0,
      "support": 0.0
    },
    "COISA": {
      "precision": 0.0,
      "recall": 0.0,
      "f1-score": 0.0,
      "support": 3.0
    },
    "OBRA": {
      "precision": 0.0,
      "recall": 0.0,
      "f1-score": 0.0,
      "support": 1.0
    },
    "OUTRO": {
      "precision": 0.0,
      "recall": 0.0,
      "f1-score": 0.0,
      "support": 1.0
    },
    "VALOR": {
      "precision": 0.0,
      "recall": 0.0,
      "f1-score": 0.0,
      "support": 9.0
    },
    "micro avg": {
      "precision": 0.3333333333333333,
      "recall": 0.031746031746031744,
      "f1-score": 0.057971014492753624,
      "support": 63.0
    },
    "macro avg": {
      "precision": 0.2,
      "recall": 0.01534090909090909,
      "f1-score": 0.028431372549019607,
      "support": 63.0
    },
    "weighted avg": {
      "precision": 0.42857142857142855,
      "recall": 0.031746031746031744,
      "f1-score": 0.058979147214441335,
      "support": 63.0
    },
    "samples avg": {
      "precision": 0.015873015873015872,
      "recall": 0.047619047619047616,
      "f1-score": 0.023809523809523808,
      "support": 63.0
    }
  }
}