{
  "fold": 8,
  "report": {
    "LOCAL": {
      "precision": 0.5,
      "recall": 0.05555555555555555,
      "f1-score": 0.1,
      "support": 18.0
    },
    "ORGANIZACAO": {
      "precision": 0.5,
      "recall": 0.05263157894736842,
      "f1-score": 0.09523809523809523,
      "support": 19.0
    },
    "PESSOA": {
      "precision": 0.5,
      "recall": 0.05555555555555555,
      "f1-score": 0.1,
      "support": 18.0
    },
    "TEMPO": {
      "precision": 0.0,
      "recall": 0.0,
      "f1-score": 0.0,
      "support": 14.0
    },
    "ABSTRACAO": {
      "precision": 0.0,
      "recall": 0.0,
      "f1-score": 0.0,
      "support": 0.0
    },
    "ACONTECIMENTO": {
      "precision": 0.0,
      "recall": 0.0,
      "f1-score": 0.0,
      "support": 4.0
    },
    "COISA": {
      "precision": 0.0,
      "recall": 0.0,
      "f1-score": 0.0,
      "support": 6.0
    },
    "OBRA": {
      "precision": 0.0,
      "recall": 0.0,
      "f1-score": 0.0,
      "support": 8.0
    },
    "OUTRO": {
      "precision": 0.0,
      "recall": 0.0,
      "f1-score": 0.0,
      "support": 1.0
    },
    "VALOR": {
      "precision": 0.0,
      "recall": 0.0,
      "f1-score": 0.0,
      "support": 11.0
    },
    "micro avg": {
      "precision": 0.25,
      "recall": 0.030303030303030304,
      "f1-score": 0.05405405405405406,
      "support": 99.0
    },
    "macro avg": {
      "precision": 0.15,
      "recall": 0.01637426900584795,
      "f1-score": 0.029523809523809525,
      "support": 99.0
    },
    "weighted avg": {
      "precision": 0.2777777777777778,
      "recall": 0.030303030303030304,
      "f1-score": 0.05464165464165464,
      "support": 99.0
    },
    "samples avg": {
      "precision": 0.015625,
      "recall": 0.03125,
      "f1-score": 0.0203125,
      "support": 99.0
    }
  }
}