{
  "LOCAL": {
    "precision": 0.90625,
    "recall": 0.7837837837837838,
    "f1-score": 0.8405797101449275,
    "support": 37.0
  },
  "ORGANIZACAO": {
    "precision": 0.9565217391304348,
    "recall": 0.7096774193548387,
    "f1-score": 0.8148148148148148,
    "support": 31.0
  },
  "PESSOA": {
    "precision": 0.8148148148148148,
    "recall": 0.8148148148148148,
    "f1-score": 0.8148148148148148,
    "support": 27.0
  },
  "TEMPO": {
    "precision": 1.0,
    "recall": 0.625,
    "f1-score": 0.7692307692307693,
    "support": 16.0
  },
  "ABSTRACAO": {
    "precision": 0.0,
    "recall": 0.0,
    "f1-score": 0.0,
    "support": 0.0
  },
  "ACONTECIMENTO": {
    "precision": 0.0,
    "recall": 0.0,
    "f1-score": 0.0,
    "support": 2.0
  },
  "COISA": {
    "precision": 0.75,
    "recall": 0.375,
    "f1-score": 0.5,
    "support": 8.0
  },
  "OBRA": {
    "precision": 0.6666666666666666,
    "recall": 0.5714285714285714,
    "f1-score": 0.6153846153846154,
    "support": 7.0
  },
  "OUTRO": {
    "precision": 0.0,
    "recall": 0.0,
    "f1-score": 0.0,
    "support": 3.0
  },
  "VALOR": {
    "precision": 0.9375,
    "recall": 0.6521739130434783,
    "f1-score": 0.7692307692307693,
    "support": 23.0
  },
  "micro avg": {
    "precision": 0.8823529411764706,
    "recall": 0.6818181818181818,
    "f1-score": 0.7692307692307693,
    "support": 154.0
  },
  "macro avg": {
    "precision": 0.6031753220611916,
    "recall": 0.4531878502425487,
    "f1-score": 0.5124055493620711,
    "support": 154.0
  },
  "weighted avg": {
    "precision": 0.8663155232448712,
    "recall": 0.6818181818181818,
    "f1-score": 0.7575870184565837,
    "support": 154.0
  },
  "samples avg": {
    "precision": 0.8037356321839081,
    "recall": 0.7833333333333333,
    "f1-score": 0.7816365626710453,
    "support": 154.0
  }
}