{
  "LOCAL": {
    "precision": 0.9545454545454546,
    "recall": 0.6363636363636364,
    "f1-score": 0.7636363636363637,
    "support": 33.0
  },
  "ORGANIZACAO": {
    "precision": 0.75,
    "recall": 0.5172413793103449,
    "f1-score": 0.6122448979591837,
    "support": 29.0
  },
  "PESSOA": {
    "precision": 0.9411764705882353,
    "recall": 0.6153846153846154,
    "f1-score": 0.7441860465116279,
    "support": 26.0
  },
  "TEMPO": {
    "precision": 1.0,
    "recall": 0.5833333333333334,
    "f1-score": 0.7368421052631579,
    "support": 24.0
  },
  "ABSTRACAO": {
    "precision": 0.0,
    "recall": 0.0,
    "f1-score": 0.0,
    "support": 0.0
  },
  "ACONTECIMENTO": {
    "precision": 1.0,
    "recall": 0.375,
    "f1-score": 0.5454545454545454,
    "support": 8.0
  },
  "COISA": {
    "precision": 0.5,
    "recall": 0.4,
    "f1-score": 0.4444444444444444,
    "support": 5.0
  },
  "OBRA": {
    "precision": 0.8333333333333334,
    "recall": 0.45454545454545453,
    "f1-score": 0.5882352941176471,
    "support": 11.0
  },
  "OUTRO": {
    "precision": 0.0,
    "recall": 0.0,
    "f1-score": 0.0,
    "support": 3.0
  },
  "VALOR": {
    "precision": 0.9,
    "recall": 0.45,
    "f1-score": 0.6,
    "support": 20.0
  },
  "micro avg": {
    "precision": 0.8854166666666666,
    "recall": 0.5345911949685535,
    "f1-score": 0.6666666666666666,
    "support": 159.0
  },
  "macro avg": {
    "precision": 0.6879055258467023,
    "recall": 0.40318684189373843,
    "f1-score": 0.5035043697386969,
    "support": 159.0
  },
  "weighted avg": {
    "precision": 0.8766494018991243,
    "recall": 0.5345911949685535,
    "f1-score": 0.6606578402363972,
    "support": 159.0
  },
  "samples avg": {
    "precision": 0.5916666666666667,
    "recall": 0.6097826086956522,
    "f1-score": 0.5930092854005898,
    "support": 159.0
  }
}