{
  "LOCAL": {
    "precision": 0.9444444444444444,
    "recall": 0.5862068965517241,
    "f1-score": 0.723404255319149,
    "support": 29.0
  },
  "ORGANIZACAO": {
    "precision": 0.9473684210526315,
    "recall": 0.5806451612903226,
    "f1-score": 0.72,
    "support": 31.0
  },
  "PESSOA": {
    "precision": 1.0,
    "recall": 0.5833333333333334,
    "f1-score": 0.7368421052631579,
    "support": 24.0
  },
  "TEMPO": {
    "precision": 0.8666666666666667,
    "recall": 0.5909090909090909,
    "f1-score": 0.7027027027027027,
    "support": 22.0
  },
  "ABSTRACAO": {
    "precision": 0.0,
    "recall": 0.0,
    "f1-score": 0.0,
    "support": 0.0
  },
  "ACONTECIMENTO": {
    "precision": 0.5,
    "recall": 0.14285714285714285,
    "f1-score": 0.2222222222222222,
    "support": 7.0
  },
  "COISA": {
    "precision": 1.0,
    "recall": 0.25,
    "f1-score": 0.4,
    "support": 4.0
  },
  "OBRA": {
    "precision": 1.0,
    "recall": 0.4444444444444444,
    "f1-score": 0.6153846153846154,
    "support": 9.0
  },
  "OUTRO": {
    "precision": 0.0,
    "recall": 0.0,
    "f1-score": 0.0,
    "support": 1.0
  },
  "VALOR": {
    "precision": 0.9230769230769231,
    "recall": 0.5714285714285714,
    "f1-score": 0.7058823529411765,
    "support": 21.0
  },
  "micro avg": {
    "precision": 0.9302325581395349,
    "recall": 0.5405405405405406,
    "f1-score": 0.6837606837606838,
    "support": 148.0
  },
  "macro avg": {
    "precision": 0.7181556455240666,
    "recall": 0.3749824640814629,
    "f1-score": 0.4826438253833024,
    "support": 148.0
  },
  "weighted avg": {
    "precision": 0.9169499458973144,
    "recall": 0.5405405405405406,
    "f1-score": 0.6754049992960295,
    "support": 148.0
  },
  "samples avg": {
    "precision": 0.6477272727272727,
    "recall": 0.6568181818181817,
    "f1-score": 0.6411255411255411,
    "support": 148.0
  }
}