{
  "LOCAL": {
    "precision": 1.0,
    "recall": 0.6451612903225806,
    "f1-score": 0.7843137254901961,
    "support": 31.0
  },
  "ORGANIZACAO": {
    "precision": 1.0,
    "recall": 0.6296296296296297,
    "f1-score": 0.7727272727272727,
    "support": 27.0
  },
  "PESSOA": {
    "precision": 0.9285714285714286,
    "recall": 0.5909090909090909,
    "f1-score": 0.7222222222222222,
    "support": 22.0
  },
  "TEMPO": {
    "precision": 1.0,
    "recall": 0.5789473684210527,
    "f1-score": 0.7333333333333333,
    "support": 19.0
  },
  "ABSTRACAO": {
    "precision": 0.0,
    "recall": 0.0,
    "f1-score": 0.0,
    "support": 0.0
  },
  "ACONTECIMENTO": {
    "precision": 1.0,
    "recall": 0.25,
    "f1-score": 0.4,
    "support": 4.0
  },
  "COISA": {
    "precision": 1.0,
    "recall": 0.5,
    "f1-score": 0.6666666666666666,
    "support": 6.0
  },
  "OBRA": {
    "precision": 0.875,
    "recall": 0.6363636363636364,
    "f1-score": 0.7368421052631579,
    "support": 11.0
  },
  "OUTRO": {
    "precision": 0.0,
    "recall": 0.0,
    "f1-score": 0.0,
    "support": 3.0
  },
  "VALOR": {
    "precision": 1.0,
    "recall": 0.6190476190476191,
    "f1-score": 0.7647058823529411,
    "support": 21.0
  },
  "micro avg": {
    "precision": 0.9550561797752809,
    "recall": 0.5902777777777778,
    "f1-score": 0.7296137339055794,
    "support": 144.0
  },
  "macro avg": {
    "precision": 0.7803571428571429,
    "recall": 0.4450058634693609,
    "f1-score": 0.5580811208055789,
    "support": 144.0
  },
  "weighted avg": {
    "precision": 0.9587053571428572,
    "recall": 0.5902777777777778,
    "f1-score": 0.7275254914122303,
    "support": 144.0
  },
  "samples avg": {
    "precision": 0.6725,
    "recall": 0.64125,
    "f1-score": 0.6491468253968253,
    "support": 144.0
  }
}