{
  "LOCAL": {
    "precision": 0.8888888888888888,
    "recall": 0.8888888888888888,
    "f1-score": 0.8888888888888888,
    "support": 45.0
  },
  "ORGANIZACAO": {
    "precision": 0.9090909090909091,
    "recall": 0.7894736842105263,
    "f1-score": 0.8450704225352113,
    "support": 38.0
  },
  "PESSOA": {
    "precision": 0.94,
    "recall": 0.8867924528301887,
    "f1-score": 0.912621359223301,
    "support": 53.0
  },
  "TEMPO": {
    "precision": 0.9166666666666666,
    "recall": 0.7857142857142857,
    "f1-score": 0.8461538461538461,
    "support": 14.0
  },
  "ABSTRACAO": {
    "precision": 0.0,
    "recall": 0.0,
    "f1-score": 0.0,
    "support": 0.0
  },
  "ACONTECIMENTO": {
    "precision": 1.0,
    "recall": 0.3333333333333333,
    "f1-score": 0.5,
    "support": 6.0
  },
  "COISA": {
    "precision": 1.0,
    "recall": 0.5,
    "f1-score": 0.6666666666666666,
    "support": 8.0
  },
  "OBRA": {
    "precision": 0.7777777777777778,
    "recall": 0.5833333333333334,
    "f1-score": 0.6666666666666666,
    "support": 12.0
  },
  "OUTRO": {
    "precision": 0.0,
    "recall": 0.0,
    "f1-score": 0.0,
    "support": 3.0
  },
  "VALOR": {
    "precision": 1.0,
    "recall": 0.7894736842105263,
    "f1-score": 0.8823529411764706,
    "support": 19.0
  },
  "micro avg": {
    "precision": 0.9017341040462428,
    "recall": 0.7878787878787878,
    "f1-score": 0.8409703504043127,
    "support": 198.0
  },
  "macro avg": {
    "precision": 0.7432424242424241,
    "recall": 0.5557009662521083,
    "f1-score": 0.6208420791311051,
    "support": 198.0
  },
  "weighted avg": {
    "precision": 0.9067278849097031,
    "recall": 0.7878787878787878,
    "f1-score": 0.8354838442273389,
    "support": 198.0
  },
  "samples avg": {
    "precision": 0.8068181818181818,
    "recall": 0.8474747474747474,
    "f1-score": 0.8160763478945297,
    "support": 198.0
  }
}