{
  "LOCAL": {
    "precision": 0.975,
    "recall": 0.8125,
    "f1-score": 0.8863636363636364,
    "support": 48.0
  },
  "ORGANIZACAO": {
    "precision": 0.6818181818181818,
    "recall": 0.5555555555555556,
    "f1-score": 0.6122448979591837,
    "support": 27.0
  },
  "PESSOA": {
    "precision": 1.0,
    "recall": 0.7567567567567568,
    "f1-score": 0.8615384615384616,
    "support": 37.0
  },
  "TEMPO": {
    "precision": 1.0,
    "recall": 0.6086956521739131,
    "f1-score": 0.7567567567567568,
    "support": 23.0
  },
  "ABSTRACAO": {
    "precision": 0.0,
    "recall": 0.0,
    "f1-score": 0.0,
    "support": 0.0
  },
  "ACONTECIMENTO": {
    "precision": 0.8,
    "recall": 0.4444444444444444,
    "f1-score": 0.5714285714285714,
    "support": 9.0
  },
  "COISA": {
    "precision": 0.25,
    "recall": 0.3333333333333333,
    "f1-score": 0.2857142857142857,
    "support": 3.0
  },
  "OBRA": {
    "precision": 0.8,
    "recall": 0.4,
    "f1-score": 0.5333333333333333,
    "support": 10.0
  },
  "OUTRO": {
    "precision": 0.0,
    "recall": 0.0,
    "f1-score": 0.0,
    "support": 1.0
  },
  "VALOR": {
    "precision": 0.8636363636363636,
    "recall": 0.8260869565217391,
    "f1-score": 0.8444444444444444,
    "support": 23.0
  },
  "micro avg": {
    "precision": 0.8857142857142857,
    "recall": 0.6850828729281768,
    "f1-score": 0.7725856697819314,
    "support": 181.0
  },
  "macro avg": {
    "precision": 0.6370454545454545,
    "recall": 0.4737372698785743,
    "f1-score": 0.5351824387538673,
    "support": 181.0
  },
  "weighted avg": {
    "precision": 0.8896283274736314,
    "recall": 0.6850828729281768,
    "f1-score": 0.7685853636919145,
    "support": 181.0
  },
  "samples avg": {
    "precision": 0.7744444444444445,
    "recall": 0.7728571428571428,
    "f1-score": 0.760758778258778,
    "support": 181.0
  }
}