{
  "LOCAL": {
    "precision": 0.875,
    "recall": 0.7567567567567568,
    "f1-score": 0.8115942028985508,
    "support": 37.0
  },
  "ORGANIZACAO": {
    "precision": 0.8888888888888888,
    "recall": 0.64,
    "f1-score": 0.7441860465116279,
    "support": 25.0
  },
  "PESSOA": {
    "precision": 0.8421052631578947,
    "recall": 0.6956521739130435,
    "f1-score": 0.7619047619047619,
    "support": 23.0
  },
  "TEMPO": {
    "precision": 0.9090909090909091,
    "recall": 0.6896551724137931,
    "f1-score": 0.7843137254901961,
    "support": 29.0
  },
  "ABSTRACAO": {
    "precision": 0.0,
    "recall": 0.0,
    "f1-score": 0.0,
    "support": 0.0
  },
  "ACONTECIMENTO": {
    "precision": 0.0,
    "recall": 0.0,
    "f1-score": 0.0,
    "support": 5.0
  },
  "COISA": {
    "precision": 0.42857142857142855,
    "recall": 0.75,
    "f1-score": 0.5454545454545454,
    "support": 4.0
  },
  "OBRA": {
    "precision": 0.0,
    "recall": 0.0,
    "f1-score": 0.0,
    "support": 3.0
  },
  "OUTRO": {
    "precision": 0.0,
    "recall": 0.0,
    "f1-score": 0.0,
    "support": 3.0
  },
  "VALOR": {
    "precision": 1.0,
    "recall": 0.9090909090909091,
    "f1-score": 0.9523809523809523,
    "support": 22.0
  },
  "micro avg": {
    "precision": 0.8306451612903226,
    "recall": 0.6821192052980133,
    "f1-score": 0.7490909090909091,
    "support": 151.0
  },
  "macro avg": {
    "precision": 0.4943656489709121,
    "recall": 0.44411550121745025,
    "f1-score": 0.45998342346406346,
    "support": 151.0
  },
  "weighted avg": {
    "precision": 0.8214805652501713,
    "recall": 0.6821192052980133,
    "f1-score": 0.7419651878626584,
    "support": 151.0
  },
  "samples avg": {
    "precision": 0.7439890710382514,
    "recall": 0.8040983606557377,
    "f1-score": 0.7604865990111892,
    "support": 151.0
  }
}